Country,forest:degraded,forest:nondegraded,cropland:degraded,cropland:nondegraded,grassland:degraded,grassland:nondegraded,bare:degraded,bare:nondegraded,urban:degraded,urban:nondegraded,water:degraded,water:nondegraded,ice:degraded,ice:nondegraded
Afghanistan,168.07,3296.50,7088.78,48114.07,23259.47,306890.61,21572.89,227150.16,327.41,481.60,183.91,516.13,721.51,2428.07
Albania,292.05,5832.09,566.07,7753.04,1095.06,11345.06,55.98,470.52,44.37,241.35,10.49,624.34,0.00,0.00
Algeria,1889.31,9735.27,2104.71,49048.97,7846.70,153739.95,4859.12,2075023.02,521.69,2070.78,730.23,1278.27,0.00,0.00
Andorra,57.76,220.05,0.92,3.03,8.23,140.50,3.17,14.57,0.92,3.31,0.00,0.00,0.00,0.00
Angola,135516.07,600396.90,17719.33,30021.04,93123.96,333541.71,13491.05,16746.90,680.32,235.01,663.08,2741.20,0.00,0.00
Antarctica,0.00,0.00,0.00,0.00,0.00,59.22,0.00,0.00,0.00,0.00,0.00,13519.74,0.00,12344637.85
Antigua and Barbuda,5.36,154.03,0.09,10.34,3.09,181.94,0.00,0.00,0.45,11.09,0.00,81.40,0.00,0.00
Argentina,136035.24,167954.05,178627.58,119811.13,1044826.64,953179.10,13396.89,115449.95,3462.57,3396.10,8066.01,33624.22,978.70,5420.34
Armenia,6.54,2537.32,82.77,5898.05,264.12,18419.04,21.06,372.79,22.48,640.97,13.17,1312.91,0.00,0.00
Australia,223571.51,436205.95,88666.84,93000.98,2672368.71,3804737.20,24219.60,312873.23,5471.29,6270.93,1877.03,22145.96,0.00,251.82
Austria,1393.15,36810.15,102.34,6152.59,1163.66,32912.71,401.73,1633.31,47.64,2300.99,10.57,705.50,110.47,248.76
Azerbaijan,114.13,6900.51,1438.97,21456.58,2619.91,46838.91,342.23,3562.24,310.20,974.54,397.27,1289.82,0.00,0.00
Bahamas,1207.31,3081.71,26.62,74.52,1959.70,2738.65,1.38,3.11,14.77,91.95,644.18,2732.75,0.00,0.00
Bahrain,0.00,2.48,0.00,0.85,19.93,20.78,40.22,294.17,14.96,179.08,0.34,9.24,0.00,0.00
Bangladesh,793.52,7738.55,3937.53,95426.00,1387.27,15253.21,84.68,122.98,349.03,720.16,2186.27,8888.06,0.00,0.00
Barbados,0.00,44.41,0.00,232.00,0.00,72.27,0.00,0.00,0.00,61.46,0.00,34.60,0.00,0.00
Belarus,431.66,81897.37,716.36,87549.26,541.31,32257.71,0.06,0.82,29.14,1806.80,41.90,2230.96,0.00,0.00
Belgium,300.44,4723.68,197.72,3640.49,1277.37,16850.18,0.66,4.56,212.35,3252.04,19.93,191.92,0.00,0.00
Belize,2392.56,14609.81,329.88,848.33,1016.18,2160.77,0.00,5.89,9.89,22.29,44.46,847.42,0.00,0.00
Benin,7815.77,29413.29,9493.82,30380.73,4992.29,32853.99,0.00,2.26,326.09,210.53,51.59,536.88,0.00,0.00
Bhutan,2460.85,26986.93,27.51,572.70,1244.39,7181.21,113.28,196.19,0.17,5.69,7.23,13.99,473.00,1088.42
Bolivia,87923.27,466669.45,10617.31,24259.02,71296.60,323020.47,5304.17,82261.54,553.18,708.86,1130.15,12076.04,222.80,784.49
Bosnia and Herzegovina,137.50,26112.60,389.57,11526.73,683.21,12229.81,3.33,9.01,87.49,377.80,6.53,257.87,0.00,0.00
Botswana,12051.40,28639.60,11408.03,17103.77,266722.16,232916.03,5353.03,3732.39,169.34,257.12,382.82,257.63,0.00,0.00
Brazil,701251.84,3418514.15,302632.75,530937.14,1102888.56,2260489.00,1274.89,2158.19,12710.86,12594.48,17919.71,109288.35,0.00,0.00
Brunei,186.26,4678.32,42.98,281.42,40.23,289.85,0.00,0.00,14.48,73.16,6.63,99.86,0.00,0.00
Bulgaria,905.40,38581.50,2504.85,31751.20,2931.72,32046.11,54.77,502.01,195.99,2100.49,31.46,1153.34,0.00,0.00
Burkina Faso,198.72,6374.42,26160.31,125962.66,13953.25,97756.48,283.04,764.45,114.63,264.31,136.00,838.79,0.00,0.00
Burundi,467.98,1992.85,435.38,1366.40,4108.61,16282.85,0.00,0.00,47.69,63.05,7.69,2272.30,0.00,0.00
Cambodia,15590.34,44884.23,23867.61,42716.83,16020.80,33606.50,7.80,13.84,212.36,103.65,493.41,3551.21,0.00,0.00
Cameroon,82746.34,269697.96,11181.34,40804.61,13066.08,42516.10,8.46,5.30,489.56,235.87,497.08,3071.61,0.00,0.00
Canada,667397.72,3589591.88,1195.93,19742.33,361439.33,2346759.40,256796.34,1358829.87,1181.83,10064.90,105105.24,1042281.54,7322.02,177990.99
Cape Verde,0.46,30.43,6.70,199.81,61.98,1967.95,70.17,1174.98,2.20,27.65,23.99,320.83,0.00,0.00
Central African Republic,68465.28,435097.90,1283.57,6347.52,12779.27,92958.76,0.47,3.97,75.64,93.38,130.74,752.50,0.00,0.00
Chad,5605.28,38932.18,43852.91,131476.11,69999.71,338273.03,11113.63,623038.49,101.55,161.04,235.24,3504.51,0.00,0.00
Chile,47049.25,129677.56,6367.46,15500.82,84758.10,249390.46,5309.01,130119.98,1271.96,1092.48,7296.66,30637.53,5467.55,22680.51
China,106020.33,1497833.04,123585.12,1581192.08,298153.85,3794330.58,83530.60,1578950.32,36936.36,84764.69,15424.18,109531.88,21373.13,42989.28
Colombia,84679.22,645799.20,13645.99,63528.93,48955.13,261221.47,61.31,192.62,720.83,1812.64,4014.22,10411.58,48.31,17.60
Comoros,182.27,697.17,0.37,2.14,176.37,406.84,0.00,0.00,6.51,16.84,1.12,176.72,0.00,0.00
Congo,18716.66,241499.80,4442.91,11207.86,8411.89,56923.09,0.00,2.28,211.70,84.17,424.07,2969.05,0.00,0.00
Cook Islands,0.00,67.30,0.00,35.76,0.00,14.03,0.00,0.00,0.00,0.18,0.00,72.50,0.00,0.00
Costa Rica,2550.48,33439.09,518.32,3674.87,993.08,8802.68,1.21,19.25,174.92,260.63,24.82,697.10,0.00,0.00
Croatia,246.17,22108.85,951.46,10895.76,2059.34,16946.67,12.38,68.38,109.33,772.77,18.92,916.95,0.00,0.00
Cuba,5055.17,36575.75,1230.77,37169.43,1471.09,23309.47,0.97,14.58,48.46,795.38,233.19,3994.91,0.00,0.00
Curaçao,24.51,120.18,0.74,8.73,5.39,171.31,0.00,0.00,0.00,62.34,0.28,72.18,0.00,0.00
Cyprus,233.18,1016.84,297.24,2009.27,714.70,3605.35,132.10,522.26,173.04,173.99,20.14,157.23,0.00,0.00
Czech Republic,260.89,24492.57,360.99,12487.94,1987.85,35090.35,0.55,2.69,95.65,3379.55,3.49,589.71,0.00,0.00
Côte d'Ivoire,14347.88,106384.50,23305.65,122054.79,5564.25,45169.87,0.00,0.00,693.87,905.66,130.64,2102.96,0.00,0.00
Democratic People's Republic of Korea,6440.56,68627.44,481.06,3110.15,3881.30,36690.45,22.30,156.91,54.51,1001.85,211.21,1695.57,0.00,0.00
Democratic Republic of the Congo,101778.21,1727575.79,22610.58,134876.65,37064.44,258240.85,71.66,289.54,962.71,1121.03,1518.37,39111.67,0.00,0.00
Denmark,725.05,2856.63,2231.34,9499.23,4144.52,19887.35,1.12,19.08,162.05,1497.50,65.98,1607.46,0.00,0.00
Djibouti,1.86,6.60,11.63,4.47,1636.03,784.86,8853.97,10145.54,7.73,10.99,41.36,344.96,0.00,0.00
Dominica,0.00,685.00,0.00,1.28,0.00,4.49,0.00,0.00,0.00,3.48,0.00,36.47,0.00,0.00
Dominican Republic,1424.04,20562.78,742.55,9897.08,1056.25,13016.34,2.42,1.35,111.14,634.05,77.30,894.91,0.00,0.00
Ecuador,29132.14,138329.20,8113.30,13481.30,22215.08,34972.90,1138.21,2175.64,789.46,623.78,503.37,3406.17,91.92,31.90
Egypt,3.87,40.12,3143.25,32964.32,1698.60,35441.63,4260.80,912661.63,729.20,2254.49,399.26,7757.41,0.00,0.00
El Salvador,3133.64,11450.97,921.82,3231.61,238.02,803.14,5.18,8.31,124.21,195.27,46.75,381.80,0.00,0.00
Equatorial Guinea,7991.99,15650.58,830.73,1137.28,272.50,497.96,0.00,0.00,41.08,13.01,35.03,246.34,0.00,0.00
Eritrea,359.94,342.89,9629.38,6874.96,23225.37,31876.77,11820.78,37566.64,80.97,81.79,46.10,634.91,0.00,0.00
Estonia,541.54,23027.08,49.10,8735.99,174.47,10059.27,4.94,7.02,1.47,284.38,7.60,2920.94,0.00,0.00
Ethiopia,80872.44,126491.34,67465.91,110774.43,162311.88,500722.39,29447.62,40761.38,499.86,380.38,493.46,7178.91,0.00,0.00
Faroe Islands,3.42,59.21,0.23,3.17,124.52,805.33,0.18,3.15,0.00,0.00,1.71,331.21,0.00,0.00
Fiji,9685.57,2699.30,2563.78,1288.62,827.30,487.29,0.00,0.00,18.00,11.68,88.00,1259.96,0.00,0.00
Finland,9344.26,211701.07,389.24,25316.97,5585.40,47225.93,36.88,178.45,12.05,536.88,512.06,33164.69,0.00,0.00
France,35624.82,201110.98,9510.23,72761.51,38296.19,274710.60,360.73,6507.63,1759.09,16118.17,429.44,8536.96,74.42,844.16
Gabon,34919.02,196788.58,2193.53,5716.25,3417.02,13551.63,0.00,0.00,107.31,89.73,351.09,2820.99,0.00,0.00
Gambia,171.39,2078.53,884.44,5266.42,81.06,1438.83,0.28,14.34,68.42,46.97,14.05,422.07,0.00,0.00
Georgia,665.39,29420.15,395.39,12795.26,1461.46,22005.49,235.36,802.23,34.28,993.58,19.38,466.57,96.11,173.65
Germany,2623.77,95982.08,1757.92,34111.40,13828.67,180060.00,8.03,119.00,664.48,23760.60,123.00,4636.32,0.00,0.00
Ghana,8233.55,75675.68,16725.43,85253.96,2910.60,40010.69,8.59,60.03,1597.36,684.45,525.04,6978.60,0.00,0.00
Greece,4991.98,30168.20,3942.40,22113.90,9763.55,52856.32,548.87,1703.83,400.74,1515.88,226.92,3113.89,0.00,0.00
Greenland,0.00,0.00,0.00,0.00,18878.73,282943.43,3579.13,31197.57,0.00,0.55,3715.59,52686.03,2272.43,1759099.97
Grenada,0.00,280.48,0.00,3.16,0.00,25.64,0.00,0.00,0.00,7.53,0.00,31.02,0.00,0.00
Guatemala,6748.44,56611.89,4895.74,9741.46,6000.16,22567.32,5.32,17.74,158.35,698.37,76.26,1280.07,0.00,0.00
Guinea,12494.59,146016.63,6266.11,25641.32,6044.36,46135.94,3.18,14.69,244.66,218.50,76.52,1153.26,0.00,0.00
Guinea-Bissau,2419.80,19706.06,662.75,4831.52,408.77,3189.23,1.40,34.70,37.56,11.62,41.95,1475.63,0.00,0.00
Guyana,26517.39,162986.79,104.30,585.31,5294.22,14131.05,7.85,30.15,34.16,177.46,395.41,945.30,0.00,0.00
Haiti,624.15,3039.68,262.38,3223.31,1273.29,17401.08,0.09,0.36,136.37,264.14,38.39,614.86,0.00,0.00
Holy See,0.00,0.00,0.00,0.00,0.00,0.00,0.00,0.00,0.00,0.00,0.00,0.00,0.00,0.00
Honduras,6722.31,65838.28,777.91,5823.01,3603.70,27495.68,0.18,3.69,139.85,357.21,48.20,1437.15,0.00,0.00
Hong Kong,9.42,442.00,5.89,111.99,5.46,172.45,0.00,0.00,8.80,174.83,2.11,104.47,0.00,0.00
Hungary,225.18,16552.19,2045.62,19934.65,7780.73,41453.66,1.89,8.41,149.36,3618.59,53.18,1361.76,0.00,0.00
Iceland,0.49,1.19,0.00,0.00,18943.01,35448.95,15761.80,17329.51,4.90,34.14,816.32,2981.88,501.30,10569.36
India,73194.98,399424.74,122156.75,1835332.14,64021.01,521913.56,12195.61,24670.89,7741.91,19173.81,6394.44,48470.97,7354.37,9412.24
Indonesia,155412.61,1022661.01,64177.50,250439.16,64154.36,264642.85,0.00,0.00,7610.70,8705.66,4702.04,37290.07,0.00,0.00
Iran,783.06,13639.72,30569.98,136486.36,50074.90,318503.04,138612.87,919651.75,3000.78,2920.60,769.60,7524.00,0.00,0.00
Iraq,2.66,39.82,27932.12,37010.79,9212.61,27736.61,75460.30,252692.43,1258.83,1124.50,1856.47,3007.91,0.00,0.00
Ireland,490.73,2225.45,342.14,1637.82,10023.29,51715.73,21.92,195.28,152.85,699.19,150.59,1790.54,0.00,0.00
Israel,3.71,15.15,775.14,3780.23,613.65,3386.92,1477.11,10494.48,250.07,658.06,46.49,406.92,0.00,0.00
Italy,8602.57,89349.94,7005.09,46224.22,14697.79,111365.46,1187.91,5209.36,1864.26,11104.42,113.68,4088.53,137.21,251.11
Jamaica,549.24,7141.55,67.78,1303.34,109.20,1309.58,0.00,0.00,13.46,278.82,4.34,244.46,0.00,0.00
Japan,25053.21,213342.96,2412.08,66594.24,2405.05,30212.01,1.81,27.80,3569.22,20608.59,794.38,8473.82,0.00,0.00
Jordan,0.00,0.16,772.76,3867.00,477.20,2036.88,1691.04,78933.39,152.96,345.15,61.87,531.07,0.00,0.00
Kazakhstan,4458.87,42266.91,153998.01,278141.82,662341.93,1171922.10,159358.75,182692.55,1065.70,2676.48,5043.17,55540.52,291.96,876.48
Kenya,10923.62,22706.27,40130.49,52337.85,124802.96,303019.94,850.13,17793.52,225.12,199.58,408.56,12224.41,0.00,0.00
Kiribati,0.00,0.57,0.00,168.19,0.00,113.49,0.00,0.00,0.00,0.00,0.00,660.25,0.00,0.00
Kuwait,0.00,0.00,53.93,160.32,109.20,301.67,715.67,15668.56,7.65,387.61,4.32,74.30,0.00,0.00
Kyrgyzstan,765.21,8166.33,3431.08,31970.94,15456.33,107353.32,4599.98,13380.34,130.03,498.63,88.99,7090.72,1757.99,4278.79
Lao People's Democratic Republic,19118.76,70051.95,12514.61,17641.40,24648.81,82023.75,0.00,0.00,109.98,39.41,478.59,1472.03,0.00,0.00
Latvia,1678.52,30873.09,178.33,13585.91,500.35,16010.56,0.00,4.63,5.23,346.55,11.73,1385.53,0.00,0.00
Lebanon,14.40,79.78,547.99,3464.04,900.48,4095.33,55.62,363.36,149.14,188.71,10.02,123.57,0.00,0.00
Lesotho,21.43,154.18,726.77,4269.79,5248.93,19510.48,2.66,3.32,19.10,82.11,21.02,47.35,0.00,0.00
Liberia,12857.04,30059.92,5971.54,20583.18,6462.91,18698.12,0.00,0.00,115.04,108.84,36.85,416.69,0.00,0.00
Libya,1102.32,164.15,5431.41,3797.53,13875.23,39056.74,7738.90,1550181.82,684.98,397.90,88.35,1516.75,0.00,0.00
Liechtenstein,0.00,61.18,0.00,6.18,0.00,57.65,0.00,0.59,0.00,12.17,0.00,1.62,0.00,0.00
Lithuania,341.98,19199.12,404.61,24227.56,553.72,18160.55,0.22,10.85,3.26,750.99,6.80,1269.57,0.00,0.00
Luxembourg,19.29,590.21,41.98,414.84,119.54,1260.77,0.00,0.00,6.18,149.26,0.00,4.32,0.00,0.00
Madagascar,45495.46,104857.49,4081.16,8990.59,142098.40,275927.57,1629.18,1677.81,169.95,285.84,1392.46,6369.34,0.00,0.00
Malawi,2999.52,21580.70,1839.43,8872.54,10891.66,48980.21,31.27,92.63,111.98,249.89,350.62,23387.77,0.00,0.00
Malaysia,17179.93,197789.62,9751.74,35879.03,13275.48,44615.02,0.00,0.00,1491.59,2137.62,967.48,4777.95,0.00,0.00
Maldives,0.00,0.00,0.00,0.57,0.00,0.76,0.00,2.46,0.00,0.00,0.00,103.61,0.00,0.00
Mali,393.77,21577.63,13212.60,199557.42,18418.55,299628.36,5368.66,690175.85,134.59,239.69,115.62,3701.09,0.00,0.00
Malta,0.00,0.00,45.51,114.82,3.40,8.66,15.99,23.10,9.35,68.86,5.02,34.23,0.00,0.00
Marshall Islands,0.00,0.00,0.00,2.17,0.00,4.22,0.00,0.00,0.00,0.09,0.00,159.75,0.00,0.00
Mauritania,8.23,182.50,1651.52,16051.53,15269.95,162558.01,10321.14,829056.86,15.75,274.51,67.95,1083.50,0.00,0.00
Mauritius,68.32,225.17,24.55,89.34,377.79,972.95,0.00,0.54,23.82,107.58,8.12,117.77,0.00,0.00
Mexico,180006.93,537947.29,20079.86,61901.05,187141.70,905912.22,3215.24,24292.65,6281.62,7829.39,2594.02,20615.35,0.00,0.00
Micronesia (Federated States of),0.00,408.11,0.00,28.98,0.00,0.47,0.00,0.00,0.47,24.46,0.37,167.49,0.00,0.00
Moldova,26.63,2442.84,4740.46,20989.90,424.99,2154.56,0.00,0.00,78.96,2021.47,19.52,302.43,0.00,0.00
Monaco,0.00,2.14,0.00,1.31,0.00,8.08,0.00,0.00,0.00,5.87,0.00,1.24,0.00,0.00
Mongolia,9295.73,60579.16,3045.68,38883.30,44355.67,704186.76,45897.57,642405.20,252.63,366.09,672.10,14097.88,310.56,337.63
Montenegro,157.90,5903.23,125.93,1591.14,424.55,5101.13,5.56,31.56,28.14,64.21,2.76,287.79,0.00,0.00
Morocco,2462.99,5341.62,8849.18,35632.60,24230.96,148828.09,4830.38,357090.93,710.02,1236.77,214.61,2294.55,0.00,0.00
Mozambique,127786.24,323773.50,28775.39,32637.98,90414.68,163051.02,1609.81,4134.13,473.17,212.89,1406.77,14190.62,0.00,0.00
Myanmar,64030.23,191263.92,33828.23,142761.63,46300.63,173600.89,6.43,8.99,314.63,1051.62,2460.68,7489.16,11.57,24.33
Namibia,1806.66,23544.62,2255.52,18596.24,146395.79,473451.04,10116.88,140069.66,104.14,634.64,485.04,5176.27,0.00,0.00
Nauru,0.00,0.00,0.00,5.13,0.00,14.06,0.00,0.00,0.00,0.00,0.00,10.73,0.00,0.00
Nepal,9010.80,57243.10,1194.17,27240.38,9113.09,36725.79,630.74,931.21,72.26,285.22,22.37,302.18,1614.23,2727.22
Netherlands,77.09,2514.18,171.52,4774.46,1355.76,21322.81,0.12,40.50,247.80,3689.12,68.24,3298.52,0.00,0.00
New Zealand,10540.38,58370.35,529.62,2146.55,34325.08,138826.91,4536.47,5299.46,905.66,1566.19,1020.21,9314.24,720.47,366.50
Nicaragua,4766.33,63963.45,821.18,7214.61,5782.92,35290.57,2.68,24.80,47.36,231.32,315.34,10227.55,0.00,0.00
Niger,18.21,44.61,15838.64,62184.54,53123.84,256314.89,14810.75,778332.18,42.38,129.25,69.72,358.59,0.00,0.00
Nigeria,56981.47,130642.04,157172.72,296934.31,68199.34,181628.91,57.10,98.89,5034.68,1369.38,2048.91,7317.14,0.00,0.00
Niue,0.00,157.33,0.00,44.86,0.00,4.76,0.00,0.00,0.00,0.63,0.00,10.07,0.00,0.00
Norway,11350.81,109086.18,482.11,9557.95,25259.68,125717.41,4849.27,32372.60,158.42,2745.16,1594.81,23138.65,424.02,35363.22
Oman,51.90,317.22,259.95,164.41,5067.25,16153.61,17004.62,270404.57,163.08,295.97,60.64,1217.45,0.00,0.00
Pakistan,845.85,20165.53,11861.42,240587.27,18459.79,325129.56,12616.78,220027.76,1073.87,2856.14,770.57,6398.80,3505.16,8596.23
Palau,42.57,194.33,4.14,15.35,19.68,49.54,0.00,0.00,0.09,2.36,4.71,163.36,0.00,0.00
Palestine,0.00,0.65,269.19,2039.80,101.81,2153.31,292.99,870.22,50.79,327.39,23.05,144.20,0.00,0.00
Panama,6462.75,41628.10,1331.80,8204.84,1771.24,12928.85,4.52,37.41,173.55,167.73,120.86,1701.63,0.00,0.00
Papua New Guinea,81019.83,309047.41,5540.55,27233.64,5104.67,25481.76,2.93,7.93,43.62,204.85,2014.29,9496.84,0.00,0.00
Paraguay,74627.95,75311.92,16723.05,18575.80,103661.58,106485.74,3.61,2.13,303.41,414.79,575.83,3214.11,0.00,0.00
Peru,64168.10,736303.81,5878.11,21890.74,72396.61,271807.15,11429.80,84196.71,569.47,1899.12,1580.03,14745.34,1161.51,1808.92
Philippines,15362.22,84870.80,10644.95,83964.89,12008.43,72289.30,0.00,0.00,777.81,1380.76,489.79,11431.97,0.00,0.00
Poland,2113.90,88902.80,1771.07,66265.80,8427.61,133365.00,1.32,26.07,298.35,7339.46,87.47,4820.86,0.00,0.00
Portugal,6450.25,15191.82,4840.85,12015.24,13639.37,34554.68,136.25,225.83,791.37,1857.94,340.99,1345.70,0.00,0.00
Qatar,0.17,18.95,69.67,4.73,34.45,324.68,550.06,9556.61,32.72,431.62,2.84,127.73,0.00,0.00
Republic of Korea (South Korea),3572.08,43417.15,549.10,9270.75,2412.79,33348.29,31.26,174.48,572.09,2710.36,155.11,2331.03,0.00,0.00
Romania,2460.97,75120.85,11763.33,80554.42,4462.57,51220.44,1.95,61.05,294.06,8368.75,70.31,1991.22,0.00,0.00
Russian Federation,818354.33,8419718.56,312869.64,1084269.44,656107.32,4583454.96,66086.19,392933.40,4291.33,29584.34,31309.96,528787.98,617.81,51765.45
Rwanda,139.81,2305.23,634.98,5072.47,2018.74,13309.54,0.00,0.38,84.86,62.74,33.70,1648.01,0.00,0.00
Saint Kitts and Nevis,36.31,115.87,3.54,39.41,0.09,30.43,0.00,0.00,0.09,6.54,0.00,35.78,0.00,0.00
Saint Lucia,13.57,501.65,0.00,15.69,1.38,31.84,0.00,0.00,0.00,10.52,0.00,30.72,0.00,0.00
Saint Vincent and the Grenadines,0.00,288.39,0.00,11.19,0.00,24.52,0.00,7.03,0.00,5.92,0.00,29.35,0.00,0.00
Samoa,0.00,878.90,0.00,1065.12,0.00,715.13,0.00,0.00,0.00,0.28,0.00,119.13,0.00,0.00
San Marino,0.69,3.03,2.62,24.44,4.96,16.80,0.62,1.31,1.03,5.23,0.00,0.00,0.00,0.00
Saudi Arabia,239.59,416.43,1453.59,1783.60,47679.20,52303.71,63637.50,1748931.44,246.44,3255.68,91.95,1712.18,0.00,0.00
Senegal,850.98,31157.97,6263.51,47183.52,3307.41,103449.76,2.39,72.49,308.14,230.45,152.23,3273.69,0.00,0.00
Serbia,122.11,25772.60,1723.43,26775.71,2093.11,18905.11,2.24,13.80,149.41,1223.78,30.24,769.82,0.00,0.00
Seychelles,7.38,39.38,35.88,126.29,1.33,14.05,0.00,0.28,0.28,1.70,1.99,215.34,0.00,0.00
Sierra Leone,2522.83,17408.64,6093.37,24402.59,3425.09,16909.28,12.11,32.76,159.60,94.66,30.29,506.96,0.00,0.00
Singapore,1.14,47.29,2.85,68.55,7.41,94.38,0.00,0.00,33.42,221.14,3.04,31.81,0.00,0.00
Slovakia,332.54,20789.83,100.35,6971.95,726.99,17287.71,0.56,34.61,33.63,1942.15,2.66,250.69,0.00,0.00
Slovenia,208.30,11262.81,64.19,3329.97,170.51,4747.93,2.70,76.50,20.30,395.82,3.34,46.39,0.00,0.00
Solomon Islands,4116.00,20499.91,37.36,180.74,17.33,66.67,0.00,0.00,0.94,4.97,71.18,2223.00,0.00,0.00
Somalia,6089.92,2915.75,19416.80,30444.34,118962.52,404146.20,8296.76,46635.53,114.28,358.02,129.66,1749.49,0.00,0.00
South Africa,11491.01,51857.72,10301.62,40907.31,351359.07,734098.43,1623.25,5236.11,2823.64,4411.60,1203.91,4479.58,0.00,0.00
South Sudan,28667.26,216276.65,7165.62,15144.33,69146.21,288141.52,3.29,238.84,101.86,14.22,526.12,1416.95,0.00,0.00
Spain,21121.20,105961.77,16447.86,66922.32,45414.98,234043.05,1207.78,3637.29,1838.51,5323.30,720.69,4282.31,0.00,0.00
Sri Lanka,2947.25,10739.80,11169.86,13698.02,7678.20,16648.66,2.16,12.93,647.36,486.55,530.97,1719.79,0.00,0.00
Sudan,17825.29,41589.03,87541.52,229755.19,110743.17,384867.93,8442.43,969983.45,245.44,1232.45,1087.46,3744.75,0.00,0.00
Suriname,24835.77,113848.46,70.22,447.46,889.90,2870.32,0.00,0.00,89.22,57.03,155.10,1866.59,0.00,0.00
Swaziland,681.84,5321.31,225.45,3688.96,541.86,6293.72,5.99,253.10,2.90,41.66,21.47,46.23,0.00,0.00
Sweden,19836.56,257178.13,2260.81,29005.83,14070.58,80955.81,968.31,1613.79,148.56,1700.50,1575.93,36624.20,65.49,160.63
Switzerland,624.05,11294.93,94.17,1952.50,1445.82,19129.05,508.61,2113.10,48.23,1753.37,16.98,1410.11,263.55,767.73
Syrian Arab Republic,63.85,298.74,9478.54,23609.42,7485.88,25533.57,30456.88,86138.19,637.80,969.52,288.71,988.83,0.00,0.00
São Tomé and Principe,193.65,652.84,20.32,50.23,9.02,12.63,0.00,0.00,9.50,4.46,5.98,76.45,0.00,0.00
Taiwan,5168.41,16602.73,1552.83,6602.91,647.79,2849.09,0.00,0.00,581.69,1285.05,89.18,816.15,0.00,0.00
Tajikistan,66.22,692.88,2881.01,20780.44,8698.27,73031.77,4070.39,19161.90,164.34,395.27,144.47,1207.76,1931.07,9014.04
Thailand,17257.09,67468.59,60959.63,207210.71,29550.78,119250.17,0.37,0.55,1725.77,2360.93,1047.23,7623.43,0.00,0.00
The former Yugoslav Republic of Macedonia,121.05,9578.01,108.03,4725.25,357.58,9415.79,9.47,196.93,4.73,324.28,0.79,546.76,0.00,0.00
Timor-Leste,968.57,1479.83,2347.78,3987.65,1951.38,3976.97,0.00,0.00,25.44,37.81,42.00,256.26,0.00,0.00
Togo,2881.94,18434.98,2754.88,21585.36,641.33,10049.02,0.38,0.09,196.46,95.39,23.01,237.53,0.00,0.00
Tonga,24.96,165.27,9.46,209.67,4.15,32.75,0.00,0.00,0.00,0.73,11.70,145.05,0.00,0.00
Trinidad and Tobago,1310.10,2278.40,295.51,263.93,281.22,350.42,0.00,0.00,108.63,81.26,26.32,133.86,0.00,0.00
Tunisia,656.34,2033.10,7002.17,18209.71,6198.78,31051.14,4958.15,84504.58,424.05,660.17,143.38,772.21,0.00,0.00
Turkey,8111.01,91091.78,21380.44,197667.44,32039.14,392987.38,1534.70,13237.27,2758.45,5016.21,1129.04,13127.88,0.00,0.00
Turkmenistan,28.62,46.98,9989.89,31723.65,34728.85,60182.91,59386.73,266428.77,155.01,389.82,705.07,7079.80,0.00,0.00
Tuvalu,0.00,0.00,0.00,3.20,0.00,0.57,0.00,0.00,0.00,0.00,0.00,17.40,0.00,0.00
Uganda,10815.66,38988.63,23850.71,76646.07,9474.84,44130.48,0.57,1.80,452.34,142.62,822.66,36444.75,0.00,0.00
Ukraine,2525.26,80574.23,104948.91,263947.02,20273.99,62423.62,47.10,105.12,2400.36,21877.41,583.25,12303.33,0.00,0.00
United Arab Emirates,2.25,125.54,2.59,11.16,1968.12,3698.11,1103.17,61240.48,244.37,2352.69,12.35,320.06,0.00,0.00
United Kingdom,3411.73,11272.73,633.06,4765.17,31847.10,174644.89,109.59,838.94,1547.13,11783.29,453.45,5782.05,33.21,2627.03
United Republic of Tanzania,105854.57,252376.17,66607.19,65926.24,135096.43,250600.84,1268.86,1243.63,487.63,514.00,768.17,60836.94,0.00,0.00
United States of America,503678.00,2296453.34,46026.12,115421.29,1117158.67,4588556.84,87687.59,162255.85,23463.23,116064.22,18545.77,334774.94,15743.13,49175.86
Uruguay,3042.85,14515.70,9463.05,14424.74,42874.86,88204.21,15.96,14.34,190.77,407.98,535.98,3663.51,0.00,0.00
Uzbekistan,13.06,437.99,12866.66,68304.11,28443.30,75386.89,61865.99,187960.18,637.55,3146.52,227.38,8347.79,35.85,262.07
Vanuatu,7467.47,2877.06,276.67,71.43,185.52,37.44,4.29,18.89,1.54,0.55,85.58,1274.61,0.00,0.00
Venezuela,44763.35,445912.05,17806.32,66120.74,59152.07,259897.16,124.53,914.79,1221.53,1804.18,1843.24,13127.17,0.19,0.38
Vietnam,31156.32,61775.82,36311.47,78459.18,37613.10,72571.04,12.76,158.22,1985.31,1329.24,1595.69,5928.59,0.00,0.00
Western Sahara,0.00,0.00,0.00,0.00,0.00,0.35,158.76,90377.95,0.00,0.00,0.00,30.91,0.00,0.00
Yemen,2038.13,2384.06,2081.37,6181.93,25800.84,55400.21,10139.45,347454.27,88.85,278.56,141.12,1064.14,0.00,0.00
Zambia,20866.56,428824.50,10618.07,46927.98,21221.08,208643.02,19.25,24.69,166.93,572.99,533.57,13454.98,0.00,0.00
Zimbabwe,38490.96,69521.96,32796.29,58626.12,72806.71,111054.06,158.56,760.80,86.07,550.77,471.59,4006.41,0.00,0.00
