Country,Af,Am,Aw,BWh,BWk,BSh,BSk,Csa,Csb,Csc,Cwa,Cwb,Cwc,Cfa,Cfb,Cfc,Dsa,Dsb,Dsc,Dsd,Dwa,Dwb,Dwc,Dwd,Dfa,Dfb,Dfc,Dfd,ET,EF
Afghanistan,0.00,0.00,0.00,176203.43,20533.97,13037.86,198905.33,20532.41,17.54,0.00,12.14,0.00,0.00,0.00,0.00,0.00,48180.65,78017.32,60131.33,0.00,0.00,0.00,0.00,0.00,0.00,0.00,0.00,0.00,26526.77,100.41
Albania,0.00,0.00,0.00,0.00,0.00,0.00,0.00,10713.71,3342.21,0.00,0.00,0.00,0.00,4349.57,1719.52,0.00,0.00,1992.72,63.47,0.00,0.00,0.00,0.00,0.00,0.00,5317.13,730.89,0.00,4.47,0.00
Algeria,0.00,0.00,0.00,2039545.30,98467.16,2641.21,94434.24,72738.96,444.18,0.00,0.00,0.00,0.00,0.00,0.00,0.00,0.00,55.30,0.00,0.00,0.00,0.00,0.00,0.00,0.00,0.00,0.00,0.00,0.00,0.00
Andorra,0.00,0.00,0.00,0.00,0.00,0.00,0.00,0.00,0.00,0.00,0.00,0.00,0.00,0.00,46.92,0.00,0.00,0.00,0.00,0.00,0.00,0.00,0.00,0.00,0.00,74.18,266.09,0.00,65.26,0.00
Angola,0.00,0.00,512084.99,46957.09,46.64,201574.19,0.83,22.60,99.67,0.00,303062.72,179751.34,0.00,0.00,0.00,0.00,0.00,0.00,0.00,0.00,0.00,0.00,0.00,0.00,0.00,0.00,0.00,0.00,0.00,0.00
Antarctica,0.00,0.00,0.00,0.00,3914.83,0.00,1794.00,0.00,0.00,0.00,0.00,0.00,0.00,0.00,0.00,0.00,0.00,0.00,0.00,0.00,0.00,0.00,0.00,0.00,0.00,0.00,0.00,0.00,35348.87,12303635.80
Antigua and Barbuda,0.00,17.18,370.99,0.00,0.00,0.00,0.00,0.00,0.00,0.00,0.00,0.00,0.00,0.00,0.00,0.00,0.00,0.00,0.00,0.00,0.00,0.00,0.00,0.00,0.00,0.00,0.00,0.00,0.00,0.00
Argentina,0.00,3.09,1188.84,48387.74,858247.12,261354.39,379455.15,0.00,70811.53,3026.48,143360.85,17608.54,13.13,814304.72,61764.85,3141.08,0.00,4965.64,35483.95,0.00,0.00,0.00,0.00,0.00,0.00,0.00,1775.99,0.00,74713.78,2776.73
Armenia,0.00,0.00,0.00,0.00,251.47,0.00,6548.72,0.00,0.00,0.00,0.00,0.00,0.00,24.60,2.59,0.00,0.00,491.56,299.47,0.00,0.00,0.00,0.00,0.00,225.62,16608.32,4822.55,0.00,316.33,0.00
Australia,2478.94,7227.27,673935.54,3782162.06,264689.55,1641962.10,439260.75,100042.61,107587.42,0.00,62061.90,1.63,0.00,298953.31,283116.31,5994.96,0.00,0.00,0.00,0.00,0.00,0.00,0.00,0.00,0.00,1183.03,773.88,0.00,1004.34,129.40
Austria,0.00,0.00,0.00,0.00,0.00,0.00,0.00,0.00,0.00,0.00,0.00,0.00,0.00,0.00,73.47,0.00,0.00,0.00,0.00,0.00,0.00,0.00,0.00,0.00,0.00,58456.57,16948.25,0.00,8515.27,0.00
Azerbaijan,0.00,0.00,0.00,0.00,6748.21,0.00,49196.67,3018.60,6.71,0.00,0.00,0.00,0.00,4702.05,1.29,0.00,180.80,1092.14,25.98,0.00,0.00,0.00,0.00,0.00,3933.42,13251.88,3368.76,0.00,718.82,0.00
Bahamas,45.93,1242.55,8101.38,0.00,0.00,1853.13,0.00,0.00,0.00,0.00,0.00,0.00,0.00,0.00,0.00,0.00,0.00,0.00,0.00,0.00,0.00,0.00,0.00,0.00,0.00,0.00,0.00,0.00,0.00,0.00
Bahrain,0.00,0.00,0.00,560.51,0.00,0.00,0.00,0.00,0.00,0.00,0.00,0.00,0.00,0.00,0.00,0.00,0.00,0.00,0.00,0.00,0.00,0.00,0.00,0.00,0.00,0.00,0.00,0.00,0.00,0.00
Bangladesh,0.00,55342.60,58195.64,0.00,0.00,0.00,0.00,0.00,0.00,0.00,21681.65,0.00,0.00,0.00,0.00,0.00,0.00,0.00,0.00,0.00,0.00,0.00,0.00,0.00,0.00,0.00,0.00,0.00,0.00,0.00
Barbados,28.33,201.54,188.23,0.00,0.00,0.00,0.00,0.00,0.00,0.00,0.00,0.00,0.00,0.00,0.00,0.00,0.00,0.00,0.00,0.00,0.00,0.00,0.00,0.00,0.00,0.00,0.00,0.00,0.00,0.00
Belarus,0.00,0.00,0.00,0.00,0.00,0.00,0.00,0.00,0.00,0.00,0.00,0.00,0.00,0.00,0.00,0.00,0.00,0.00,0.00,0.00,0.00,0.00,0.00,0.00,0.00,207503.34,0.00,0.00,0.00,0.00
Belgium,0.00,0.00,0.00,0.00,0.00,0.00,0.00,0.00,0.00,0.00,0.00,0.00,0.00,0.00,28125.04,0.00,0.00,0.00,0.00,0.00,0.00,0.00,0.00,0.00,0.00,2467.50,0.00,0.00,0.00,0.00
Belize,4728.59,13333.31,3877.78,0.00,0.00,0.00,0.00,0.00,0.00,0.00,0.00,0.00,0.00,0.00,0.00,0.00,0.00,0.00,0.00,0.00,0.00,0.00,0.00,0.00,0.00,0.00,0.00,0.00,0.00,0.00
Benin,0.00,0.00,110108.18,0.00,0.00,5757.47,0.00,0.00,0.00,0.00,0.00,0.00,0.00,0.00,0.00,0.00,0.00,0.00,0.00,0.00,0.00,0.00,0.00,0.00,0.00,0.00,0.00,0.00,0.00,0.00
Bhutan,0.00,0.00,0.00,0.00,0.00,0.00,308.68,0.00,0.00,0.00,9780.32,13653.80,0.00,0.00,0.00,0.00,0.00,0.00,0.00,0.00,0.00,4593.03,2353.09,0.00,0.00,0.00,0.00,0.00,9585.88,96.76
Bolivia,65855.81,145564.89,456241.51,0.00,83453.91,69260.09,109698.17,0.00,0.00,0.00,35718.12,70956.27,2574.74,1883.54,8134.15,4.91,0.00,0.00,0.00,0.00,0.00,0.00,0.00,0.00,0.00,0.00,0.00,0.00,37422.32,58.94
Bosnia and Herzegovina,0.00,0.00,0.00,0.00,0.00,0.00,0.00,1519.60,124.36,0.00,0.00,0.00,0.00,6417.33,2716.50,0.00,0.00,1.24,0.00,0.00,0.00,0.00,0.00,0.00,0.00,39531.70,1507.56,0.00,0.00,0.00
Botswana,0.00,0.00,0.00,203917.97,0.00,374714.47,360.88,0.00,0.00,0.00,0.00,0.00,0.00,0.00,0.00,0.00,0.00,0.00,0.00,0.00,0.00,0.00,0.00,0.00,0.00,0.00,0.00,0.00,0.00,0.00
Brazil,1607479.81,1789376.97,3794375.64,166.87,0.00,420520.75,0.00,8.46,42.32,0.00,141063.36,39621.32,0.00,528567.59,147297.68,0.00,0.00,0.00,0.00,0.00,0.00,0.00,0.00,0.00,0.00,0.00,0.00,0.00,0.00,0.00
Brunei,5666.34,0.00,0.00,0.00,0.00,0.00,0.00,0.00,0.00,0.00,0.00,0.00,0.00,0.00,0.00,0.00,0.00,0.00,0.00,0.00,0.00,0.00,0.00,0.00,0.00,0.00,0.00,0.00,0.00,0.00
Bulgaria,0.00,0.00,0.00,0.00,0.00,0.00,8264.72,2913.50,238.69,0.00,0.00,0.00,0.00,25910.73,746.42,0.00,8.22,821.50,452.41,0.00,0.00,0.00,0.00,0.00,33041.44,38819.03,1109.34,0.00,370.95,0.00
Burkina Faso,0.00,0.00,123013.22,14516.87,0.00,135276.96,0.00,0.00,0.00,0.00,0.00,0.00,0.00,0.00,0.00,0.00,0.00,0.00,0.00,0.00,0.00,0.00,0.00,0.00,0.00,0.00,0.00,0.00,0.00,0.00
Burundi,0.00,0.00,17670.55,0.00,0.00,0.00,0.00,0.00,1598.78,0.00,0.00,7775.45,0.00,0.00,0.00,0.00,0.00,0.00,0.00,0.00,0.00,0.00,0.00,0.00,0.00,0.00,0.00,0.00,0.00,0.00
Cambodia,0.00,28246.52,152669.29,0.00,0.00,0.00,0.00,0.00,0.00,0.00,0.84,10.87,0.00,0.00,0.00,0.00,0.00,0.00,0.00,0.00,0.00,0.00,0.00,0.00,0.00,0.00,0.00,0.00,0.00,0.00
Cameroon,7849.95,145369.03,284671.07,3508.06,0.00,19498.70,0.00,9.35,3205.12,0.00,0.00,0.00,0.00,0.00,0.00,0.00,0.00,0.00,0.00,0.00,0.00,0.00,0.00,0.00,0.00,0.00,0.00,0.00,31.54,0.00
Canada,0.00,0.00,0.00,0.00,2.71,0.00,144703.91,0.00,6615.92,88.11,0.00,0.00,0.00,0.00,42600.33,7795.26,0.00,8540.00,663861.25,25.98,0.00,0.00,39818.05,0.00,16585.08,1426271.40,5146836.32,6.63,2314989.67,67350.23
Cape Verde,0.00,0.00,0.00,3203.06,72.00,93.39,250.27,0.00,0.00,0.00,0.00,9.92,0.00,0.00,0.00,0.00,0.00,0.00,0.00,0.00,0.00,0.00,0.00,0.00,0.00,0.00,0.00,0.00,0.00,0.00
Central African Republic,0.00,13277.73,588067.32,0.00,0.00,16643.94,0.00,0.00,0.00,0.00,0.00,0.00,0.00,0.00,0.00,0.00,0.00,0.00,0.00,0.00,0.00,0.00,0.00,0.00,0.00,0.00,0.00,0.00,0.00,0.00
Chad,0.00,0.00,197935.17,847053.85,11970.20,209334.47,0.00,0.00,0.00,0.00,0.00,0.00,0.00,0.00,0.00,0.00,0.00,0.00,0.00,0.00,0.00,0.00,0.00,0.00,0.00,0.00,0.00,0.00,0.00,0.00
Chile,9.16,35.85,0.76,2434.09,259392.03,2.90,46770.02,11436.41,98061.03,4046.15,0.00,0.00,0.55,103.00,74243.33,40363.32,0.00,236.26,11412.10,0.00,0.00,0.00,0.00,0.00,0.00,0.00,2226.56,0.00,167884.25,1224.57
China,0.00,3364.92,26687.53,0.00,1980741.09,645.08,1185871.23,0.00,0.00,0.00,908157.94,278653.82,0.00,1203683.33,2283.07,0.00,0.00,8.01,1547.95,0.00,1019230.62,745955.88,499468.73,0.00,2837.86,4256.42,15061.51,0.00,1467934.58,24317.64
Colombia,608322.97,286164.31,102670.85,7089.47,0.00,3402.56,0.00,0.00,16695.80,222.11,0.00,3276.96,4.20,0.00,79467.32,423.67,0.00,0.00,0.00,0.00,0.00,0.00,0.00,0.00,0.00,0.00,0.00,0.00,25387.15,43.00
Comoros,748.87,580.92,5.85,0.00,0.00,0.00,0.00,0.00,0.00,0.00,0.00,0.00,0.00,0.00,178.35,0.00,0.00,0.00,0.00,0.00,0.00,0.00,0.00,0.00,0.00,0.00,0.00,0.00,0.00,0.00
Congo,47320.84,109460.30,188068.04,0.00,0.00,0.00,0.00,0.00,0.00,0.00,0.00,0.00,0.00,0.00,0.00,0.00,0.00,0.00,0.00,0.00,0.00,0.00,0.00,0.00,0.00,0.00,0.00,0.00,0.00,0.00
Cook Islands,117.63,0.00,0.00,0.00,0.00,0.00,0.00,0.00,0.00,0.00,0.00,0.00,0.00,0.00,0.00,0.00,0.00,0.00,0.00,0.00,0.00,0.00,0.00,0.00,0.00,0.00,0.00,0.00,0.00,0.00
Costa Rica,20085.46,15306.39,9599.68,0.00,0.00,0.00,0.00,0.00,0.00,0.00,0.00,1830.92,26.14,0.00,3512.05,24.46,0.00,0.00,0.00,0.00,0.00,0.00,0.00,0.00,0.00,0.00,0.00,0.00,333.97,0.00
Croatia,0.00,0.00,0.00,0.00,0.00,0.00,7.54,6867.06,537.56,0.00,0.00,0.00,0.00,15518.34,4114.27,0.00,0.00,17.49,0.00,0.00,0.00,0.00,0.00,0.00,46.37,27485.77,100.31,0.00,0.00,0.00
Cuba,4241.73,11422.37,91941.21,0.00,0.00,48.28,0.00,0.00,0.00,0.00,46.86,2.38,0.00,33.64,189.01,0.00,0.00,0.00,0.00,0.00,0.00,0.00,0.00,0.00,0.00,0.00,0.00,0.00,0.00,0.00
Curaçao,0.00,0.00,135.40,0.00,0.00,279.26,0.00,0.00,0.00,0.00,0.00,0.00,0.00,0.00,0.00,0.00,0.00,0.00,0.00,0.00,0.00,0.00,0.00,0.00,0.00,0.00,0.00,0.00,0.00,0.00
Cyprus,0.00,0.00,0.00,0.00,0.00,1494.63,0.00,7368.88,71.09,0.00,0.00,0.00,0.00,0.00,0.00,0.00,0.00,0.00,0.00,0.00,0.00,0.00,0.00,0.00,0.00,0.00,0.00,0.00,0.00,0.00
Czech Republic,0.00,0.00,0.00,0.00,0.00,0.00,10.50,0.00,0.00,0.00,0.00,0.00,0.00,0.00,0.00,0.00,0.00,0.00,0.00,0.00,0.00,0.00,0.00,0.00,0.00,76527.29,2214.42,0.00,0.00,0.00
Côte d'Ivoire,4224.13,19944.77,296186.28,0.00,0.00,0.00,0.00,0.00,0.00,0.00,0.00,0.00,0.00,0.00,0.00,0.00,0.00,0.00,0.00,0.00,0.00,0.00,0.00,0.00,0.00,0.00,0.00,0.00,0.00,0.00
Democratic People's Republic of Korea,0.00,0.00,0.00,0.00,0.00,0.00,0.00,0.00,0.00,0.00,0.00,0.00,0.00,0.00,0.00,0.00,0.00,0.00,0.00,0.00,58334.07,44257.74,16043.90,0.00,1450.57,1784.07,0.00,0.00,6.40,0.00
Democratic Republic of the Congo,588875.49,442427.21,1167862.69,0.00,0.00,0.00,0.00,95.30,3205.82,11.95,53792.20,52194.71,0.00,0.00,16623.73,0.85,0.00,0.00,0.00,0.00,0.00,0.00,0.00,0.00,0.00,0.00,0.00,0.00,113.68,0.00
Denmark,0.00,0.00,0.00,0.00,0.00,0.00,0.00,0.00,0.00,0.00,0.00,0.00,0.00,0.00,20244.75,0.00,0.00,0.00,0.00,0.00,0.00,0.00,0.00,0.00,0.00,21451.32,0.00,0.00,0.00,0.00
Djibouti,0.00,0.00,0.00,21721.16,0.00,0.00,0.00,0.00,0.00,0.00,0.00,0.00,0.00,0.00,0.00,0.00,0.00,0.00,0.00,0.00,0.00,0.00,0.00,0.00,0.00,0.00,0.00,0.00,0.00,0.00
Dominica,699.39,0.00,0.00,0.00,0.00,0.00,0.00,0.00,0.00,0.00,0.00,0.00,0.00,0.00,0.00,0.00,0.00,0.00,0.00,0.00,0.00,0.00,0.00,0.00,0.00,0.00,0.00,0.00,0.00,0.00
Dominican Republic,16159.77,5336.11,18871.37,0.00,0.00,2431.63,0.00,0.00,0.00,0.00,0.00,792.62,0.00,12.13,4407.58,0.00,0.00,0.00,0.00,0.00,0.00,0.00,0.00,0.00,0.00,0.00,0.00,0.00,3.24,0.00
Ecuador,104910.10,15639.42,49964.05,4884.05,5.13,13768.01,657.62,0.00,3864.74,158.91,0.00,5202.16,0.85,0.85,32352.45,120.49,0.00,0.00,0.00,0.00,0.00,0.00,0.00,0.00,0.00,0.00,0.00,0.00,22294.89,36.75
Egypt,0.00,0.00,0.00,989114.49,11245.33,71.13,0.00,0.00,0.00,0.00,0.00,0.00,0.00,0.00,0.00,0.00,0.00,0.00,0.00,0.00,0.00,0.00,0.00,0.00,0.00,0.00,0.00,0.00,0.00,0.00
El Salvador,0.00,0.00,20158.80,0.00,0.00,0.00,0.00,0.00,0.00,0.00,0.00,292.00,0.00,0.00,0.00,0.00,0.00,0.00,0.00,0.00,0.00,0.00,0.00,0.00,0.00,0.00,0.00,0.00,0.00,0.00
Equatorial Guinea,891.82,21288.30,4048.25,0.00,0.00,0.00,0.00,0.00,21.33,0.00,0.00,0.85,0.00,0.00,269.62,0.00,0.00,0.00,0.00,0.00,0.00,0.00,0.00,0.00,0.00,0.00,0.00,0.00,0.00,0.00
Eritrea,0.00,0.00,2604.95,76395.66,34.30,39754.17,3088.97,33.92,0.00,0.00,4.97,107.52,0.00,4.96,5.80,0.00,0.00,0.00,0.00,0.00,0.00,0.00,0.00,0.00,0.00,0.00,0.00,0.00,0.00,0.00
Estonia,0.00,0.00,0.00,0.00,0.00,0.00,0.00,0.00,0.00,0.00,0.00,0.00,0.00,0.00,0.00,0.00,0.00,0.00,0.00,0.00,0.00,0.00,0.00,0.00,0.00,44962.95,41.18,0.00,0.00,0.00
Ethiopia,0.00,24448.58,350355.40,286492.54,0.00,237467.33,3997.13,2386.93,89561.41,346.92,3798.46,108987.86,774.95,5.00,16570.05,0.85,0.00,0.00,0.00,0.00,0.00,0.00,0.00,0.00,0.00,0.00,0.00,0.00,2206.58,0.00
Faroe Islands,0.00,0.00,0.00,0.00,0.00,0.00,0.00,0.00,0.00,0.00,0.00,0.00,0.00,0.00,0.00,284.24,0.00,0.00,0.00,0.00,0.00,0.00,0.00,0.00,0.00,0.00,0.00,0.00,717.90,0.00
Fiji,16858.75,782.60,0.00,0.00,0.00,0.00,0.00,0.00,0.00,0.00,0.00,0.00,0.00,0.00,0.00,0.00,0.00,0.00,0.00,0.00,0.00,0.00,0.00,0.00,0.00,0.00,0.00,0.00,0.00,0.00
Finland,0.00,0.00,0.00,0.00,0.00,0.00,0.00,0.00,0.00,0.00,0.00,0.00,0.00,0.00,0.00,0.00,0.00,0.00,0.00,0.00,0.00,0.00,0.00,0.00,0.00,6026.57,326206.35,0.00,624.66,0.00
France,78123.24,24169.19,3258.99,0.00,0.00,8.71,1424.18,32559.05,12857.88,0.00,0.00,0.00,0.00,12060.90,446569.71,47.70,0.00,569.58,143.45,0.00,0.00,0.00,0.00,0.00,0.00,29982.47,9486.35,0.00,11162.49,13.42
Gabon,0.00,34387.52,224937.87,0.00,0.00,0.00,0.00,0.00,0.00,0.00,0.00,0.00,0.00,0.00,0.00,0.00,0.00,0.00,0.00,0.00,0.00,0.00,0.00,0.00,0.00,0.00,0.00,0.00,0.00,0.00
Gambia,0.00,0.00,6122.81,0.00,0.00,4185.07,0.00,0.00,0.00,0.00,0.00,0.00,0.00,0.00,0.00,0.00,0.00,0.00,0.00,0.00,0.00,0.00,0.00,0.00,0.00,0.00,0.00,0.00,0.00,0.00
Georgia,0.00,0.00,0.00,0.00,0.00,0.00,2828.45,0.00,0.00,0.00,0.00,0.00,0.00,17787.03,2610.57,0.00,0.00,0.00,0.00,0.00,0.00,0.00,0.00,0.00,3894.76,28025.51,10329.11,0.00,3898.44,5.05
Germany,0.00,0.00,0.00,0.00,0.00,0.00,338.80,0.00,0.00,0.00,0.00,0.00,0.00,0.00,130091.13,0.00,0.00,0.00,0.00,0.00,0.00,0.00,0.00,0.00,0.00,224972.23,1584.12,0.00,112.38,0.00
Ghana,0.00,22955.78,214973.09,0.00,0.00,0.00,0.00,0.00,0.00,0.00,0.00,0.00,0.00,0.00,0.00,0.00,0.00,0.00,0.00,0.00,0.00,0.00,0.00,0.00,0.00,0.00,0.00,0.00,0.00,0.00
Greece,0.00,0.00,0.00,0.00,0.00,42.56,22735.37,79260.92,13016.35,0.00,0.00,0.00,0.00,2847.13,521.74,0.00,0.00,6630.03,321.05,0.00,0.00,0.00,0.00,0.00,25.38,4150.59,75.93,0.00,11.84,0.00
Greenland,0.00,0.00,0.00,0.00,337.08,0.00,2564.78,0.00,0.00,0.00,0.00,0.00,0.00,0.00,0.00,0.00,0.00,0.00,0.00,0.00,0.00,0.00,0.00,0.00,0.00,0.00,9.55,0.00,549700.96,1553214.17
Grenada,257.52,66.91,0.00,0.00,0.00,0.00,0.00,0.00,0.00,0.00,0.00,0.00,0.00,0.00,0.00,0.00,0.00,0.00,0.00,0.00,0.00,0.00,0.00,0.00,0.00,0.00,0.00,0.00,0.00,0.00
Guatemala,19543.24,34759.82,31751.71,0.00,0.00,1.65,0.00,0.00,0.00,0.00,32.09,17100.51,36.30,11.54,5177.30,0.00,0.00,0.00,0.00,0.00,0.00,0.00,0.00,0.00,0.00,0.00,0.00,0.00,312.58,0.00
Guinea,0.00,61665.27,182362.63,0.00,0.00,0.00,0.00,0.00,0.00,0.00,0.00,0.00,0.00,0.00,0.00,0.00,0.00,0.00,0.00,0.00,0.00,0.00,0.00,0.00,0.00,0.00,0.00,0.00,0.00,0.00
Guinea-Bissau,0.00,1734.93,30420.87,0.00,0.00,0.00,0.00,0.00,0.00,0.00,0.00,0.00,0.00,0.00,0.00,0.00,0.00,0.00,0.00,0.00,0.00,0.00,0.00,0.00,0.00,0.00,0.00,0.00,0.00,0.00
Guyana,123789.90,73750.28,13172.54,0.00,0.00,0.00,0.00,0.00,0.00,0.00,0.00,0.00,0.00,0.00,163.32,0.00,0.00,0.00,0.00,0.00,0.00,0.00,0.00,0.00,0.00,0.00,0.00,0.00,0.00,0.00
Haiti,6562.24,3731.38,14484.77,0.00,0.00,701.58,0.00,0.00,0.00,0.00,0.00,459.54,0.00,0.00,579.07,0.00,0.00,0.00,0.00,0.00,0.00,0.00,0.00,0.00,0.00,0.00,0.00,0.00,0.00,0.00
Holy See,0.00,0.00,0.00,0.00,0.00,0.00,0.00,0.00,0.00,0.00,0.00,0.00,0.00,0.00,0.00,0.00,0.00,0.00,0.00,0.00,0.00,0.00,0.00,0.00,0.00,0.00,0.00,0.00,0.00,0.00
Honduras,19638.44,29509.36,53573.99,0.00,0.00,0.00,0.00,0.00,34.71,0.00,92.67,7683.25,0.00,127.83,928.47,0.00,0.00,0.00,0.00,0.00,0.00,0.00,0.00,0.00,0.00,0.00,0.00,0.00,0.00,0.00
Hong Kong,0.00,0.00,0.00,0.00,0.00,0.00,0.00,0.00,0.00,0.00,980.37,0.00,0.00,0.00,0.00,0.00,0.00,0.00,0.00,0.00,0.00,0.00,0.00,0.00,0.00,0.00,0.00,0.00,0.00,0.00
Hungary,0.00,0.00,0.00,0.00,0.00,0.00,138.96,0.00,0.00,0.00,0.00,0.00,0.00,511.16,23.66,0.00,0.00,0.00,0.00,0.00,0.00,0.00,0.00,0.00,13451.24,79060.19,0.00,0.00,0.00,0.00
Iceland,0.00,0.00,0.00,0.00,0.00,0.00,0.00,0.00,0.00,0.00,0.00,0.00,0.00,0.00,0.00,2906.92,0.00,0.00,65.16,0.00,0.00,0.00,0.00,0.00,0.00,0.00,4171.51,0.00,92241.54,1267.11
India,1024.93,135812.15,1047694.76,225856.34,11088.43,707718.32,17333.80,3373.96,42.80,0.00,810534.45,54909.06,0.00,4563.63,1555.64,0.00,22.68,4818.80,5758.89,0.00,0.00,16191.16,5929.57,0.00,6.43,9065.28,2198.13,0.00,78977.56,1783.20
Indonesia,1592229.49,104706.37,88199.16,0.00,0.00,96.87,0.00,0.00,1.69,0.00,0.00,2560.06,0.00,0.00,59003.90,5.12,0.00,0.00,0.00,0.00,0.00,0.00,0.00,0.00,0.00,0.00,0.00,0.00,8497.08,0.00
Iran,0.00,0.00,0.00,656503.19,231008.28,119550.27,409606.32,72775.39,42.95,0.00,0.00,0.00,0.00,1047.67,0.00,0.00,101281.17,28232.24,920.17,0.00,0.00,0.00,0.00,0.00,0.00,441.11,6.66,0.00,243.91,0.00
Iraq,0.00,0.00,0.00,330860.93,2198.35,50803.82,0.00,46495.95,0.00,0.00,0.00,0.00,0.00,0.00,0.00,0.00,6310.48,655.91,0.69,0.00,0.00,0.00,0.00,0.00,0.00,0.00,0.00,0.00,0.00,0.00
Ireland,0.00,0.00,0.00,0.00,0.00,0.00,0.00,0.00,0.00,0.00,0.00,0.00,0.00,0.00,68884.22,78.71,0.00,0.00,0.00,0.00,0.00,0.00,0.00,0.00,0.00,0.00,0.00,0.00,0.00,0.00
Israel,0.00,0.00,0.00,9110.14,989.70,4189.56,53.49,7481.43,33.71,0.00,0.00,0.00,0.00,0.00,0.00,0.00,0.00,5.02,0.00,0.00,0.00,0.00,0.00,0.00,0.00,0.00,0.00,0.00,0.00,0.00
Italy,0.00,0.00,0.00,0.67,54.17,159.85,16547.35,111707.29,18146.68,0.00,0.00,0.00,0.00,83605.56,22006.15,0.00,0.00,473.36,61.82,0.00,0.00,0.00,0.00,0.00,0.00,25197.21,12514.16,0.00,9289.08,13.78
Jamaica,6818.32,2501.03,1453.44,0.00,0.00,0.00,0.00,0.00,0.00,0.00,0.00,0.00,0.00,0.00,52.89,0.00,0.00,0.00,0.00,0.00,0.00,0.00,0.00,0.00,0.00,0.00,0.00,0.00,0.00,0.00
Japan,419.22,16.30,0.78,0.00,0.00,0.00,0.00,0.00,0.00,0.00,160.70,0.00,0.00,170302.84,298.61,0.00,0.00,0.00,0.00,0.00,277.83,833.88,38.96,0.00,86131.10,105178.62,4552.65,0.00,13.30,1.42
Jordan,0.00,0.00,0.00,58309.13,16796.10,2331.97,9275.11,2148.97,2.21,0.00,0.00,0.00,0.00,0.00,0.00,0.00,0.00,0.00,0.00,0.00,0.00,0.00,0.00,0.00,0.00,0.00,0.00,0.00,0.00,0.00
Kazakhstan,0.00,0.00,0.00,0.00,1109926.51,0.00,1370144.46,3104.54,0.00,0.00,0.00,0.00,0.00,0.00,0.00,0.00,23490.57,5127.00,2603.72,0.00,0.00,191.99,1723.90,0.00,1868.15,132500.14,50167.73,0.00,19722.42,104.11
Kenya,11400.95,5916.46,87232.48,224920.43,0.00,178648.85,1977.81,1.71,37815.62,7.69,364.57,7716.49,0.00,0.00,28242.51,157.27,0.00,0.00,0.00,0.00,0.00,0.00,0.00,0.00,0.00,0.00,0.00,0.00,1109.49,0.00
Kiribati,353.68,14.52,72.58,0.00,0.00,7.68,0.00,0.00,0.00,0.00,0.00,0.00,0.00,0.00,0.00,0.00,0.00,0.00,0.00,0.00,0.00,0.00,0.00,0.00,0.00,0.00,0.00,0.00,0.00,0.00
Kuwait,0.00,0.00,0.00,17376.39,0.00,0.00,0.00,0.00,0.00,0.00,0.00,0.00,0.00,0.00,0.00,0.00,0.00,0.00,0.00,0.00,0.00,0.00,0.00,0.00,0.00,0.00,0.00,0.00,0.00,0.00
Kyrgyzstan,0.00,0.00,0.00,0.00,3764.93,0.00,59230.97,0.00,0.00,0.00,0.00,0.00,0.00,0.00,0.00,0.00,1582.57,18018.15,20521.94,0.00,0.00,0.00,3145.60,0.00,17.05,6437.33,23166.53,0.00,62272.74,810.87
Lao People's Democratic Republic,0.00,46120.32,89459.68,0.00,0.00,0.00,0.00,0.00,0.00,0.00,88776.20,3743.08,0.00,0.00,0.00,0.00,0.00,0.00,0.00,0.00,0.00,0.00,0.00,0.00,0.00,0.00,0.00,0.00,0.00,0.00
Latvia,0.00,0.00,0.00,0.00,0.00,0.00,0.00,0.00,0.00,0.00,0.00,0.00,0.00,0.00,0.00,0.00,0.00,0.00,0.00,0.00,0.00,0.00,0.00,0.00,0.00,64356.96,0.00,0.00,0.00,0.00
Lebanon,0.00,0.00,0.00,0.00,0.00,0.00,0.00,7532.74,1507.49,0.00,0.00,0.00,0.00,0.00,0.00,0.00,0.00,806.35,39.72,0.00,0.00,0.00,0.00,0.00,0.00,0.00,0.00,0.00,0.00,0.00
Lesotho,0.00,0.00,0.00,0.00,0.00,0.00,47.51,0.00,0.00,0.00,114.79,18927.83,1170.73,0.00,7540.93,7.42,0.00,0.00,0.00,0.00,0.00,0.00,1237.76,0.00,0.00,0.00,25.87,0.00,1034.30,0.00
Liberia,28440.65,64670.52,2118.94,0.00,0.00,0.00,0.00,0.00,0.00,0.00,0.00,0.00,0.00,0.00,0.00,0.00,0.00,0.00,0.00,0.00,0.00,0.00,0.00,0.00,0.00,0.00,0.00,0.00,0.00,0.00
Libya,0.00,0.00,0.00,1576419.57,2652.97,29549.17,7251.46,6965.53,47.69,0.00,0.00,0.00,0.00,0.00,0.00,0.00,0.00,0.00,0.00,0.00,0.00,0.00,0.00,0.00,0.00,0.00,0.00,0.00,0.00,0.00
Liechtenstein,0.00,0.00,0.00,0.00,0.00,0.00,0.00,0.00,0.00,0.00,0.00,0.00,0.00,0.00,19.32,0.00,0.00,0.00,0.00,0.00,0.00,0.00,0.00,0.00,0.00,74.36,39.85,0.00,5.86,0.00
Lithuania,0.00,0.00,0.00,0.00,0.00,0.00,0.00,0.00,0.00,0.00,0.00,0.00,0.00,0.00,0.00,0.00,0.00,0.49,0.00,0.00,0.00,0.00,0.00,0.00,0.00,64848.81,0.00,0.00,0.00,0.00
Luxembourg,0.00,0.00,0.00,0.00,0.00,0.00,0.00,0.00,0.00,0.00,0.00,0.00,0.00,0.00,2059.62,0.00,0.00,0.00,0.00,0.00,0.00,0.00,0.00,0.00,0.00,546.75,0.00,0.00,0.00,0.00
Madagascar,63396.67,13610.13,254923.05,131.98,0.00,66060.27,0.00,133.18,0.00,0.00,86616.08,62898.40,0.00,32530.79,8782.86,0.00,0.00,0.00,0.00,0.00,0.00,0.00,0.00,0.00,0.00,0.00,0.00,0.00,0.00,0.00
Malawi,0.00,2.53,58160.15,0.00,0.00,33.57,0.00,0.00,0.00,0.00,48716.97,12474.99,0.00,0.00,0.00,0.00,0.00,0.00,0.00,0.00,0.00,0.00,0.00,0.00,0.00,0.00,0.00,0.00,0.00,0.00
Malaysia,319163.70,4544.77,0.00,0.00,0.00,0.00,0.00,0.00,0.00,0.00,0.00,0.00,0.00,0.00,1459.07,0.00,0.00,0.00,0.00,0.00,0.00,0.00,0.00,0.00,0.00,0.00,0.00,0.00,17.00,0.00
Maldives,1.71,10.23,0.00,0.00,0.00,0.00,0.00,0.00,0.00,0.00,0.00,0.00,0.00,0.00,0.00,0.00,0.00,0.00,0.00,0.00,0.00,0.00,0.00,0.00,0.00,0.00,0.00,0.00,0.00,0.00
Mali,0.00,0.00,155392.86,906524.14,0.00,190606.83,0.00,0.00,0.00,0.00,0.00,0.00,0.00,0.00,0.00,0.00,0.00,0.00,0.00,0.00,0.00,0.00,0.00,0.00,0.00,0.00,0.00,0.00,0.00,0.00
Malta,0.00,0.00,0.00,0.00,0.00,0.00,0.00,300.43,0.00,0.00,0.00,0.00,0.00,0.00,0.00,0.00,0.00,0.00,0.00,0.00,0.00,0.00,0.00,0.00,0.00,0.00,0.00,0.00,0.00,0.00
Marshall Islands,8.47,0.84,0.00,0.00,0.00,0.00,0.00,0.00,0.00,0.00,0.00,0.00,0.00,0.00,0.00,0.00,0.00,0.00,0.00,0.00,0.00,0.00,0.00,0.00,0.00,0.00,0.00,0.00,0.00,0.00
Mauritania,0.00,0.00,0.00,1030840.55,0.00,5216.96,0.00,0.00,0.00,0.00,0.00,0.00,0.00,0.00,0.00,0.00,0.00,0.00,0.00,0.00,0.00,0.00,0.00,0.00,0.00,0.00,0.00,0.00,0.00,0.00
Mauritius,994.86,678.93,75.76,0.00,0.00,0.00,0.00,0.00,0.00,0.00,0.00,0.00,0.00,170.97,0.00,0.00,0.00,0.00,0.00,0.00,0.00,0.00,0.00,0.00,0.00,0.00,0.00,0.00,0.00,0.00
Mexico,36345.33,78687.39,413115.63,374580.83,71214.64,321007.49,270537.49,10767.56,15997.60,0.00,126919.62,208857.27,315.25,10500.55,9884.56,19.37,0.00,0.00,0.00,0.00,0.00,0.00,0.00,0.00,0.00,0.00,0.00,0.00,718.89,0.00
Micronesia (Federated States of),478.69,0.00,0.00,0.00,0.00,0.00,0.00,0.00,0.00,0.00,0.00,0.00,0.00,0.00,0.00,0.00,0.00,0.00,0.00,0.00,0.00,0.00,0.00,0.00,0.00,0.00,0.00,0.00,0.00,0.00
Moldova,0.00,0.00,0.00,0.00,0.00,0.00,1961.21,0.00,0.00,0.00,0.00,0.00,0.00,0.00,0.00,0.00,0.00,0.00,0.00,0.00,0.00,0.00,0.00,0.00,2148.93,29091.62,0.00,0.00,0.00,0.00
Monaco,0.00,0.00,0.00,0.00,0.00,0.00,0.00,14.92,3.11,0.00,0.00,0.00,0.00,0.00,0.00,0.00,0.00,0.00,0.00,0.00,0.00,0.00,0.00,0.00,0.00,0.00,0.00,0.00,0.00,0.00
Mongolia,0.00,0.00,0.00,0.00,604798.45,0.00,509234.09,0.00,0.00,0.00,0.00,0.00,0.00,0.00,0.00,0.00,0.00,0.00,0.00,0.00,0.00,31325.70,352779.12,0.00,0.00,29.01,28.97,0.00,66488.95,1.69
Montenegro,0.00,0.00,0.00,0.00,0.00,0.00,0.00,1248.29,81.95,0.00,0.00,0.00,0.00,1064.62,1568.17,0.00,0.00,0.00,0.00,0.00,0.00,0.00,0.00,0.00,0.00,8058.19,1661.41,0.00,1.26,0.00
Morocco,0.00,0.00,0.00,305607.13,65189.40,39623.47,61060.52,101631.44,11021.81,0.00,0.00,0.00,0.00,0.00,0.00,0.00,0.00,5501.19,347.48,0.00,0.00,0.00,0.00,0.00,0.00,0.00,0.00,0.00,2.94,0.00
Mozambique,0.00,3843.90,539665.96,0.00,0.00,149393.26,0.00,0.00,0.00,0.00,87698.77,5807.18,0.00,670.32,0.00,0.00,0.00,0.00,0.00,0.00,0.00,0.00,0.00,0.00,0.00,0.00,0.00,0.00,0.00,0.00
Myanmar,0.00,139861.59,190476.23,0.00,0.00,26326.69,0.00,0.00,0.00,0.00,263922.66,36633.04,0.00,0.00,0.00,0.00,0.00,0.00,0.00,0.00,0.00,1806.56,557.27,0.00,0.00,0.00,0.00,0.00,1704.60,0.00
Namibia,0.00,0.00,0.00,387267.10,102502.47,324322.27,7818.89,0.00,0.00,0.00,189.95,25.00,0.00,0.00,0.00,0.00,0.00,0.00,0.00,0.00,0.00,0.00,0.00,0.00,0.00,0.00,0.00,0.00,0.00,0.00
Nauru,20.51,0.00,0.00,0.00,0.00,0.00,0.00,0.00,0.00,0.00,0.00,0.00,0.00,0.00,0.00,0.00,0.00,0.00,0.00,0.00,0.00,0.00,0.00,0.00,0.00,0.00,0.00,0.00,0.00,0.00
Nepal,0.00,0.00,0.00,0.00,13.50,0.00,228.06,0.00,0.00,0.00,77945.25,33503.75,12.82,0.00,0.00,0.00,0.00,0.00,0.00,0.00,0.00,2940.62,4005.87,0.00,0.00,0.00,0.00,0.00,27726.04,736.87
Netherlands,2.45,14.69,10.65,96.86,0.00,305.09,0.00,0.00,0.00,0.00,0.00,0.00,0.00,0.00,36881.22,0.00,0.00,0.00,0.00,0.00,0.00,0.00,0.00,0.00,0.00,0.00,0.00,0.00,0.00,0.00
New Zealand,4.49,0.00,0.00,0.00,0.00,0.00,1006.19,0.00,25.56,0.00,0.00,0.00,0.00,7.48,228733.10,12957.32,0.00,0.00,0.00,0.00,0.00,0.00,0.00,0.00,0.00,773.43,9285.01,0.00,9106.46,0.00
Nicaragua,18992.63,61698.60,47162.24,0.00,0.00,0.00,0.00,0.00,0.00,0.00,0.00,134.87,0.00,0.00,49.91,0.00,0.00,0.00,0.00,0.00,0.00,0.00,0.00,0.00,0.00,0.00,0.00,0.00,0.00,0.00
Niger,0.00,0.00,12.56,1101614.04,0.00,79641.00,0.00,0.00,0.00,0.00,0.00,0.00,0.00,0.00,0.00,0.00,0.00,0.00,0.00,0.00,0.00,0.00,0.00,0.00,0.00,0.00,0.00,0.00,0.00,0.00
Nigeria,2934.42,62106.75,625504.77,33109.00,0.00,182853.66,0.00,0.00,48.36,0.00,0.00,0.00,0.00,0.00,0.00,0.00,0.00,0.00,0.00,0.00,0.00,0.00,0.00,0.00,0.00,0.00,0.00,0.00,0.00,0.00
Niue,207.95,0.00,0.00,0.00,0.00,0.00,0.00,0.00,0.00,0.00,0.00,0.00,0.00,0.00,0.00,0.00,0.00,0.00,0.00,0.00,0.00,0.00,0.00,0.00,0.00,0.00,0.00,0.00,0.00,0.00
Norway,0.00,0.00,0.00,0.00,0.00,0.00,17.50,0.00,5.57,0.00,0.00,0.00,0.00,0.00,6203.85,1789.68,0.00,4.47,1417.63,0.00,0.00,0.00,0.00,0.00,0.00,20998.36,206754.51,0.00,123909.16,9837.59
Oman,0.00,0.00,0.00,309412.48,550.12,23.11,46.48,0.00,0.00,0.00,0.00,0.00,0.00,0.00,0.00,0.00,0.00,0.00,0.00,0.00,0.00,0.00,0.00,0.00,0.00,0.00,0.00,0.00,0.00,0.00
Pakistan,0.00,0.00,0.00,602253.09,40778.63,66263.68,53513.82,10474.90,37.25,0.00,18132.74,0.71,0.00,9642.99,372.26,0.00,4724.57,6467.14,10409.98,0.00,0.00,34.77,35.54,0.00,10.51,4192.62,1884.73,0.00,38255.37,4107.13
Palau,334.01,0.00,0.00,0.00,0.00,0.00,0.00,0.00,0.00,0.00,0.00,0.00,0.00,0.00,0.00,0.00,0.00,0.00,0.00,0.00,0.00,0.00,0.00,0.00,0.00,0.00,0.00,0.00,0.00,0.00
Palestine,0.00,0.00,0.00,583.48,0.00,1804.49,137.66,3738.25,0.00,0.00,0.00,0.00,0.00,0.00,0.00,0.00,0.00,0.00,0.00,0.00,0.00,0.00,0.00,0.00,0.00,0.00,0.00,0.00,0.00,0.00
Panama,12495.66,48131.32,10986.84,0.00,0.00,0.00,0.00,0.00,0.00,0.00,0.00,127.62,0.00,0.00,1907.39,10.98,0.00,0.00,0.00,0.00,0.00,0.00,0.00,0.00,0.00,0.00,0.00,0.00,67.55,0.00
Papua New Guinea,368926.55,21995.70,7052.53,0.00,0.00,0.00,0.00,0.00,0.00,0.00,0.00,0.00,0.00,0.00,57486.21,5.10,0.00,0.00,0.00,0.00,0.00,0.00,0.00,0.00,0.00,0.00,0.00,0.00,3306.07,0.00
Paraguay,8495.16,28149.74,129744.93,0.00,0.00,125701.76,0.00,0.00,0.00,0.00,0.00,0.00,0.00,107808.32,0.00,0.00,0.00,0.00,0.00,0.00,0.00,0.00,0.00,0.00,0.00,0.00,0.00,0.00,0.00,0.00
Peru,560659.67,137949.82,27784.03,110431.08,53510.70,8688.22,28996.18,0.00,393.51,94.92,0.00,47601.53,1800.27,0.00,65859.32,331.81,0.00,0.00,0.00,0.00,0.00,0.00,0.00,0.00,0.00,0.00,0.00,0.00,244123.38,323.99
Philippines,166579.67,86689.15,27383.29,0.00,0.00,0.00,0.00,0.00,0.00,0.00,342.75,3071.42,0.00,284.65,1426.82,0.00,0.00,0.00,0.00,0.00,0.00,0.00,0.00,0.00,0.00,0.00,0.00,0.00,0.00,0.00
Poland,0.00,0.00,0.00,0.00,0.00,0.00,0.00,0.00,0.00,0.00,0.00,0.00,0.00,0.00,0.00,0.00,0.00,0.00,0.00,0.00,0.00,0.00,0.00,0.00,0.00,311262.38,1539.47,0.00,82.15,0.00
Portugal,0.00,0.00,0.00,0.00,0.00,0.00,0.00,56414.66,32995.64,0.00,0.00,0.00,0.00,209.00,885.33,0.00,0.00,3.28,0.00,0.00,0.00,0.00,0.00,0.00,0.00,0.00,0.00,0.00,0.00,0.00
Qatar,0.00,0.00,0.00,11004.25,0.00,0.00,0.00,0.00,0.00,0.00,0.00,0.00,0.00,0.00,0.00,0.00,0.00,0.00,0.00,0.00,0.00,0.00,0.00,0.00,0.00,0.00,0.00,0.00,0.00,0.00
Republic of Korea (South Korea),0.00,0.00,0.00,0.00,0.00,0.00,0.00,0.00,0.00,0.00,5979.16,0.00,0.00,7620.95,29.39,0.00,0.00,0.00,0.00,0.00,58634.97,3743.21,0.00,0.00,18477.75,2802.36,0.00,0.00,0.00,0.00
Romania,0.00,0.00,0.00,0.00,0.00,0.00,30109.29,0.00,0.00,0.00,0.00,0.00,0.00,953.32,0.00,0.00,0.00,0.00,0.00,0.00,0.00,0.00,0.00,0.00,44000.28,147118.07,13660.36,0.00,467.88,0.00
Russian Federation,0.00,0.00,0.00,0.00,58715.73,0.00,432194.67,0.00,0.00,0.00,0.00,0.00,0.00,16070.15,1906.19,0.00,0.00,1350.73,474884.47,58999.59,28691.44,313343.79,2078392.77,227655.22,233281.60,2278126.87,8242198.28,614671.72,1817395.94,49477.14
Rwanda,0.00,0.00,17796.39,0.00,0.00,0.00,0.00,0.00,3169.74,0.00,0.00,2094.59,0.00,0.00,2183.94,5.13,0.00,0.00,0.00,0.00,0.00,0.00,0.00,0.00,0.00,0.00,0.00,0.00,60.67,0.00
Saint Kitts and Nevis,143.00,89.90,5.72,0.00,0.00,0.00,0.00,0.00,0.00,0.00,0.00,0.00,0.00,0.00,0.00,0.00,0.00,0.00,0.00,0.00,0.00,0.00,0.00,0.00,0.00,0.00,0.00,0.00,0.00,0.00
Saint Lucia,587.10,0.00,0.00,0.00,0.00,0.00,0.00,0.00,0.00,0.00,0.00,0.00,0.00,0.00,0.00,0.00,0.00,0.00,0.00,0.00,0.00,0.00,0.00,0.00,0.00,0.00,0.00,0.00,0.00,0.00
Saint Vincent and the Grenadines,343.08,0.00,0.00,0.00,0.00,0.00,0.00,0.00,0.00,0.00,0.00,0.00,0.00,0.00,0.00,0.00,0.00,0.00,0.00,0.00,0.00,0.00,0.00,0.00,0.00,0.00,0.00,0.00,0.00,0.00
Samoa,2627.35,1.66,0.00,0.00,0.00,0.00,0.00,0.00,0.00,0.00,0.00,0.83,0.00,0.00,45.73,0.00,0.00,0.00,0.00,0.00,0.00,0.00,0.00,0.00,0.00,0.00,0.00,0.00,0.00,0.00
San Marino,0.00,0.00,0.00,0.00,0.00,0.00,0.00,0.00,0.00,0.00,0.00,0.00,0.00,60.71,0.00,0.00,0.00,0.00,0.00,0.00,0.00,0.00,0.00,0.00,0.00,0.00,0.00,0.00,0.00,0.00
Saudi Arabia,0.00,0.00,0.00,1912523.64,6418.43,985.73,162.36,0.00,0.00,0.00,0.00,0.00,0.00,0.00,0.00,0.00,0.00,0.00,0.00,0.00,0.00,0.00,0.00,0.00,0.00,0.00,0.00,0.00,0.00,0.00
Senegal,0.00,0.00,57876.41,42050.63,0.00,95759.58,0.00,0.00,0.00,0.00,0.00,0.00,0.00,0.00,0.00,0.00,0.00,0.00,0.00,0.00,0.00,0.00,0.00,0.00,0.00,0.00,0.00,0.00,0.00,0.00
Serbia,0.00,0.00,0.00,0.00,0.00,0.00,430.18,0.00,0.00,0.00,0.00,0.00,0.00,13726.78,1549.45,0.00,0.00,0.00,0.00,0.00,0.00,0.00,0.00,0.00,8666.50,52863.65,344.78,0.00,0.00,0.00
Seychelles,234.32,0.00,24.46,0.00,0.00,0.00,0.00,0.00,0.00,0.00,0.00,0.00,0.00,0.00,0.00,0.00,0.00,0.00,0.00,0.00,0.00,0.00,0.00,0.00,0.00,0.00,0.00,0.00,0.00,0.00
Sierra Leone,0.00,68264.54,3209.12,0.00,0.00,0.00,0.00,0.00,0.00,0.00,0.00,0.00,0.00,0.00,0.00,0.00,0.00,0.00,0.00,0.00,0.00,0.00,0.00,0.00,0.00,0.00,0.00,0.00,0.00,0.00
Singapore,490.52,0.00,0.00,0.00,0.00,0.00,0.00,0.00,0.00,0.00,0.00,0.00,0.00,0.00,0.00,0.00,0.00,0.00,0.00,0.00,0.00,0.00,0.00,0.00,0.00,0.00,0.00,0.00,0.00,0.00
Slovakia,0.00,0.00,0.00,0.00,0.00,0.00,0.00,0.00,0.00,0.00,0.00,0.00,0.00,0.00,0.00,0.00,0.00,0.00,0.00,0.00,0.00,0.00,0.00,0.00,9.23,44677.79,3530.85,0.00,255.78,0.00
Slovenia,0.00,0.00,0.00,0.00,0.00,0.00,0.00,0.00,0.00,0.00,0.00,0.00,0.00,1270.06,1404.32,0.00,0.00,0.00,0.00,0.00,0.00,0.00,0.00,0.00,0.00,16677.57,893.52,0.00,72.45,0.00
Solomon Islands,25182.65,0.00,0.00,0.00,0.00,0.00,0.00,0.00,0.00,0.00,0.00,0.00,0.00,0.00,35.40,0.00,0.00,0.00,0.00,0.00,0.00,0.00,0.00,0.00,0.00,0.00,0.00,0.00,0.00,0.00
Somalia,0.00,0.00,13080.65,471961.05,739.54,150918.86,1086.92,0.00,0.00,0.00,0.00,0.00,0.00,0.00,0.00,0.00,0.00,0.00,0.00,0.00,0.00,0.00,0.00,0.00,0.00,0.00,0.00,0.00,0.00,0.00
South Africa,3.77,65.60,3843.91,173035.91,191714.44,180073.48,276250.00,9450.51,12149.16,0.00,72009.87,197938.61,211.20,39884.73,62181.52,2.21,0.00,0.00,0.00,0.00,0.00,0.00,67.51,0.00,0.00,0.00,5.17,0.00,415.05,0.00
South Sudan,0.00,84.99,578733.26,342.50,0.00,46783.32,0.00,0.00,898.77,0.00,0.00,0.00,0.00,0.00,0.00,0.00,0.00,0.00,0.00,0.00,0.00,0.00,0.00,0.00,0.00,0.00,0.00,0.00,0.00,0.00
Spain,0.00,0.00,14.33,5164.57,3867.52,2009.96,216081.77,109101.79,61804.16,7.70,0.00,0.00,0.00,10014.60,83929.89,417.06,0.68,3004.10,330.60,0.00,0.00,0.00,0.00,0.00,0.00,5462.02,3627.09,0.00,629.39,0.00
Sri Lanka,19674.44,8580.26,36201.75,0.00,0.00,0.00,0.00,0.00,0.00,0.00,0.00,0.00,0.00,0.00,847.04,0.00,0.00,0.00,0.00,0.00,0.00,0.00,0.00,0.00,0.00,0.00,0.00,0.00,0.00,0.00
Sudan,0.00,0.00,58435.05,1391543.74,30.99,405584.50,20.50,0.00,0.00,0.00,688.56,438.42,0.00,0.00,0.00,0.00,0.00,0.00,0.00,0.00,0.00,0.00,0.00,0.00,0.00,0.00,0.00,0.00,0.00,0.00
Suriname,78718.55,66370.69,0.85,0.00,0.00,0.00,0.00,0.00,0.00,0.00,0.00,0.00,0.00,0.00,0.00,0.00,0.00,0.00,0.00,0.00,0.00,0.00,0.00,0.00,0.00,0.00,0.00,0.00,0.00,0.00
Swaziland,0.00,0.00,0.00,0.00,0.00,3359.77,0.00,0.00,0.00,0.00,8332.21,5270.83,0.00,158.63,3.05,0.00,0.00,0.00,0.00,0.00,0.00,0.00,0.00,0.00,0.00,0.00,0.00,0.00,0.00,0.00
Sweden,0.00,0.00,0.00,0.00,0.00,0.00,0.00,0.00,0.00,0.00,0.00,0.00,0.00,0.00,35.71,0.00,0.00,1.58,4.75,0.00,0.00,0.00,0.00,0.00,0.00,137393.56,289095.39,0.00,18054.89,0.00
Switzerland,0.00,0.00,0.00,0.00,0.00,0.00,0.00,0.00,0.00,0.00,0.00,0.00,0.00,73.41,5051.07,0.00,0.00,0.00,0.00,0.00,0.00,0.00,0.00,0.00,0.00,19591.99,7473.44,0.00,9204.81,27.47
Syrian Arab Republic,0.00,0.00,0.00,51885.76,27219.46,42635.85,26199.60,36266.00,1142.93,0.00,0.00,0.00,0.00,0.00,0.00,0.00,0.00,586.98,0.00,0.00,0.00,0.00,0.00,0.00,0.00,0.00,0.00,0.00,0.00,0.00
São Tomé and Principe,0.00,555.56,364.99,0.00,0.00,0.00,0.00,0.00,0.00,0.00,0.00,46.16,0.00,0.00,0.00,0.00,0.00,0.00,0.00,0.00,0.00,0.00,0.00,0.00,0.00,0.00,0.00,0.00,0.00,0.00
Taiwan,182.47,2423.65,1995.94,0.00,0.00,0.00,0.00,0.00,0.00,0.00,11367.47,3631.37,11.00,9066.00,6680.58,56.33,0.00,0.00,0.00,0.00,0.00,0.00,0.00,0.00,0.00,0.00,0.00,0.00,180.39,0.00
Tajikistan,0.00,0.00,0.00,549.05,11683.73,947.57,35853.19,4596.50,0.00,0.00,0.00,0.00,0.00,0.00,0.00,0.00,7249.58,14841.78,19186.70,0.00,0.00,0.00,0.00,0.00,0.00,0.00,0.00,0.00,45761.18,1570.55
Thailand,7447.41,74033.68,424377.04,0.00,0.00,0.00,0.00,0.00,0.00,0.00,7025.94,168.15,0.00,0.00,0.00,0.00,0.00,0.00,0.00,0.00,0.00,0.00,0.00,0.00,0.00,0.00,0.00,0.00,0.00,0.00
The former Yugoslav Republic of Macedonia,0.00,0.00,0.00,0.00,0.00,0.00,7920.09,7.76,82.40,0.00,0.00,0.00,0.00,1235.54,789.92,0.00,0.00,379.29,4.53,0.00,0.00,0.00,0.00,0.00,732.89,13278.75,925.52,0.00,31.98,0.00
Timor-Leste,0.00,782.98,13509.19,0.00,0.00,21.14,0.00,0.00,0.00,0.00,2.53,561.80,0.00,0.00,0.00,0.00,0.00,0.00,0.00,0.00,0.00,0.00,0.00,0.00,0.00,0.00,0.00,0.00,0.00,0.00
Togo,0.00,412.32,56437.05,0.00,0.00,0.00,0.00,0.00,0.00,0.00,0.00,0.00,0.00,0.00,0.00,0.00,0.00,0.00,0.00,0.00,0.00,0.00,0.00,0.00,0.00,0.00,0.00,0.00,0.00,0.00
Tonga,486.14,0.00,0.00,0.00,0.00,0.00,0.00,0.00,0.00,0.00,0.00,0.00,0.00,0.00,0.00,0.00,0.00,0.00,0.00,0.00,0.00,0.00,0.00,0.00,0.00,0.00,0.00,0.00,0.00,0.00
Trinidad and Tobago,2482.58,2462.96,68.96,0.00,0.00,0.00,0.00,0.00,0.00,0.00,0.00,0.00,0.00,0.00,0.00,0.00,0.00,0.00,0.00,0.00,0.00,0.00,0.00,0.00,0.00,0.00,0.00,0.00,0.00,0.00
Tunisia,0.00,0.00,0.00,107554.49,4319.21,9466.86,16817.25,17957.52,0.69,0.00,0.00,0.00,0.00,0.00,0.00,0.00,0.00,0.00,0.00,0.00,0.00,0.00,0.00,0.00,0.00,0.00,0.00,0.00,0.00,0.00
Turkey,0.00,0.00,0.00,0.00,744.15,682.01,183737.48,234211.81,22102.79,0.00,0.00,0.00,0.00,13471.49,19559.37,0.00,54682.21,183415.15,7086.93,0.00,0.00,0.00,0.00,0.00,116.53,47704.63,9593.00,0.00,1242.10,0.00
Turkmenistan,0.00,0.00,0.00,4608.93,360532.40,4647.31,91373.09,9509.40,0.00,0.00,0.00,0.00,0.00,0.00,0.00,0.00,82.63,87.58,4.75,0.00,0.00,0.00,0.00,0.00,0.00,0.00,0.00,0.00,0.00,0.00
Tuvalu,6.79,0.00,0.00,0.00,0.00,0.00,0.00,0.00,0.00,0.00,0.00,0.00,0.00,0.00,0.00,0.00,0.00,0.00,0.00,0.00,0.00,0.00,0.00,0.00,0.00,0.00,0.00,0.00,0.00,0.00
Uganda,26210.58,27603.12,180650.46,0.00,0.00,238.83,0.00,4.27,1452.94,0.85,0.00,35.04,0.00,0.00,4987.83,6.84,0.00,0.00,0.00,0.00,0.00,0.00,0.00,0.00,0.00,0.00,0.00,0.00,580.37,0.00
Ukraine,0.00,0.00,0.00,0.00,0.00,0.00,68454.24,0.00,0.00,0.00,0.00,0.00,0.00,0.00,0.00,0.00,0.00,0.00,0.00,0.00,0.00,0.00,0.00,0.00,85440.03,412226.34,5242.92,0.00,20.11,0.00
United Arab Emirates,0.00,0.00,0.00,70591.02,0.00,7.70,0.00,0.00,0.00,0.00,0.00,0.00,0.00,0.00,0.00,0.00,0.00,0.00,0.00,0.00,0.00,0.00,0.00,0.00,0.00,0.00,0.00,0.00,0.00,0.00
United Kingdom,223.18,38.18,379.32,80.45,0.00,464.95,0.00,125.58,0.56,0.00,0.00,0.00,0.00,0.00,220328.79,18620.14,0.00,0.00,0.00,0.00,0.00,0.00,0.00,0.00,0.00,0.00,2660.16,0.00,3408.84,755.90
United Republic of Tanzania,3026.76,16730.47,647146.81,0.00,0.00,140341.02,20.49,717.54,4195.75,0.00,33062.28,92189.59,28.17,536.50,2509.00,0.00,0.00,0.00,0.00,0.00,0.00,0.00,0.00,0.00,0.00,0.00,0.00,0.00,597.52,17.93
United States of America,13759.14,8882.77,22263.16,198329.33,458403.16,153726.97,1879031.27,115891.93,194267.08,292.79,0.00,0.00,0.00,1816464.38,30755.01,1869.38,3751.03,200293.47,276937.85,0.00,39005.27,41220.47,14537.40,0.00,1452355.28,1056602.24,1110961.97,0.00,360816.97,429.20
Uruguay,0.00,0.00,0.00,0.00,0.00,0.00,0.00,0.00,0.00,0.00,0.00,0.00,0.00,175412.65,1462.60,0.00,0.00,0.00,0.00,0.00,0.00,0.00,0.00,0.00,0.00,0.00,0.00,0.00,0.00,0.00
Uzbekistan,0.00,0.00,0.00,946.23,329435.53,250.88,80211.10,16475.96,0.00,0.00,0.00,0.00,0.00,0.00,0.00,0.00,4305.78,9752.09,5076.42,0.00,0.00,0.00,0.00,0.00,0.00,0.00,0.00,0.00,1481.35,0.00
Vanuatu,11032.92,14.60,4.04,0.00,0.00,0.00,0.00,0.00,0.00,0.00,0.00,0.00,0.00,0.00,14.85,0.00,0.00,0.00,0.00,0.00,0.00,0.00,0.00,0.00,0.00,0.00,0.00,0.00,0.00,0.00
Venezuela,234702.12,199670.26,430751.63,1994.18,0.00,24379.97,0.00,0.00,500.40,7.60,0.00,2164.82,11.82,0.00,14031.52,18.60,0.00,0.00,0.00,0.00,0.00,0.00,0.00,0.00,0.00,0.00,0.00,0.00,2593.73,0.00
Vietnam,3527.86,67591.77,115901.46,0.00,0.00,1.68,0.00,0.00,0.00,0.00,131399.16,8338.15,0.00,224.36,0.00,0.00,0.00,0.00,0.00,0.00,0.00,0.00,0.00,0.00,0.00,0.00,0.00,0.00,0.00,0.00
Western Sahara,0.00,0.00,0.00,90544.79,0.00,0.00,0.00,0.00,0.00,0.00,0.00,0.00,0.00,0.00,0.00,0.00,0.00,0.00,0.00,0.00,0.00,0.00,0.00,0.00,0.00,0.00,0.00,0.00,0.00,0.00
Yemen,0.00,0.00,0.00,433213.58,8104.66,6624.35,4052.79,0.00,0.00,0.00,0.00,1.66,0.00,0.00,0.00,0.00,0.00,0.00,0.00,0.00,0.00,0.00,0.00,0.00,0.00,0.00,0.00,0.00,0.00,0.00
Zambia,0.00,0.00,143356.96,0.00,0.00,25366.59,0.00,0.00,0.00,0.00,534377.42,48772.63,0.00,0.00,0.00,0.00,0.00,0.00,0.00,0.00,0.00,0.00,0.00,0.00,0.00,0.00,0.00,0.00,0.00,0.00
Zimbabwe,0.00,0.00,6153.13,2513.89,0.00,204208.36,4370.15,0.00,0.00,0.00,95386.94,76697.82,0.00,0.00,0.00,0.00,0.00,0.00,0.00,0.00,0.00,0.00,0.00,0.00,0.00,0.00,0.00,0.00,0.00,0.00
