Country,10,11,12,20,30,40,50,60,61,62,70,71,72,80,81,82,90,100,110,120,121,122,130,140,150,151,152,153,160,170,180,190,200,201,202,210,220
Afghanistan,29915.78,3059.54,110.84,18835.55,6591.00,20244.99,9.00,260.27,8.79,0.00,3063.29,0.23,0.00,0.79,0.00,0.00,0.00,4406.25,7961.20,22248.55,0.00,707.85,231507.77,0.00,40622.88,0.00,0.00,0.00,0.00,0.48,70.11,724.23,235264.08,519.20,13066.55,728.32,3182.86
Albania,6628.64,3456.14,76.10,168.23,1557.49,2402.18,0.00,5316.65,1.91,0.00,685.93,0.00,0.00,0.00,0.00,0.00,99.69,3837.64,2.37,896.91,0.00,1.95,1490.29,41.96,330.26,0.00,0.00,0.51,0.00,0.00,71.02,262.84,417.56,73.62,2.54,695.97,0.00
Algeria,47161.74,53666.89,28.83,98.80,3979.12,1836.00,1421.59,9422.93,0.76,0.00,836.94,0.00,0.00,0.00,0.00,0.00,0.00,7996.57,17.17,16394.31,0.00,221.65,68.19,0.00,12585.15,0.00,0.00,68924.45,0.00,0.39,21.48,2404.21,2075826.93,4957.67,189.04,2167.80,0.00
Andorra,2.75,0.49,0.00,0.00,1.27,0.56,0.00,2.04,0.00,0.00,271.83,3.24,0.00,0.00,0.00,0.00,6.12,16.54,6.13,0.14,0.00,0.00,95.60,0.00,38.98,0.00,0.00,0.00,0.00,0.00,0.00,3.66,11.97,6.83,0.00,0.00,0.00
Angola,33835.94,14869.69,0.00,27.87,13859.57,9364.95,33137.53,303206.81,70652.46,328975.83,0.00,0.00,0.00,0.19,0.00,0.00,0.00,10089.34,9841.76,204998.76,0.00,15650.30,154875.51,0.00,300.00,0.00,0.00,2.20,238.10,343.66,6774.86,859.46,30247.28,15.10,21.94,3695.49,0.00
Antarctica,0.00,0.00,0.00,0.00,0.00,0.00,0.00,0.00,0.00,0.00,0.00,0.00,0.00,0.00,0.00,0.00,0.00,0.00,0.00,0.00,0.00,0.00,0.00,0.00,69.32,0.00,0.00,0.00,0.00,0.00,0.00,0.00,0.00,0.00,0.00,15553.75,12351147.23
Antigua and Barbuda,7.35,0.00,0.00,0.00,3.08,6.35,109.22,0.00,0.00,0.00,64.64,0.00,0.00,0.00,0.00,0.00,0.00,14.96,0.45,1.36,0.00,0.00,122.15,0.00,0.09,0.00,0.00,0.00,0.00,4.81,30.30,11.81,0.00,0.00,0.00,107.36,0.00
Argentina,175767.48,285600.35,25.72,11.74,123168.29,67982.91,75131.71,48960.08,172505.81,4483.30,0.08,0.00,0.00,0.00,0.00,0.00,2559.19,59177.37,6075.19,939375.86,0.00,0.52,78609.11,0.00,455458.59,0.00,0.00,14934.07,0.32,17.67,92356.32,6584.28,129204.44,0.00,0.00,42324.16,6484.07
Armenia,3692.64,1745.71,0.00,1385.50,972.10,9241.30,0.00,2413.00,0.94,0.00,133.08,0.00,0.00,0.00,0.00,0.00,13.01,3352.32,21.19,780.95,0.00,4.43,3235.05,0.00,435.41,0.00,0.00,23.31,0.00,0.00,12.27,608.30,335.52,66.89,0.00,1328.54,0.00
Australia,75297.51,380365.46,148.41,21764.28,84828.67,66094.89,384847.97,14088.63,0.00,235537.87,0.00,0.00,0.00,2102.72,0.67,0.00,0.00,227920.19,104188.98,364663.52,0.00,1299453.06,1107494.74,0.00,2826727.59,0.00,0.00,0.00,0.00,25631.78,100028.29,11635.80,337515.05,0.00,0.00,27319.29,252.11
Austria,2603.45,12238.09,524.34,0.00,3630.90,195.70,0.00,3861.43,24.02,0.00,25708.73,0.00,0.00,239.96,0.00,0.00,8305.32,7392.19,204.01,0.00,0.00,0.00,12584.66,0.00,1198.07,0.00,0.00,0.00,0.00,0.00,132.66,2350.37,839.17,1215.26,0.00,720.27,367.66
Azerbaijan,18494.46,17385.20,0.00,288.73,4341.58,11330.52,0.00,6307.04,7.82,0.00,711.24,0.00,0.00,0.00,0.00,0.00,19.62,3464.25,210.60,4894.25,0.00,452.19,3621.99,0.00,7576.09,0.00,0.00,756.58,0.00,0.00,39.23,1045.85,3803.83,165.63,0.00,1798.60,0.00
Bahamas,65.86,12.92,16.09,0.00,37.88,111.94,2715.68,101.76,0.00,0.00,881.25,0.00,0.00,1.89,0.00,0.00,11.34,837.21,228.94,14.14,0.00,0.00,1172.37,0.00,23.98,0.00,0.00,0.00,1.81,701.99,2400.45,109.13,4.75,0.00,0.00,3850.74,0.00
Bahrain,0.85,20.43,0.00,0.00,0.00,0.00,0.00,0.00,0.00,0.00,0.00,0.00,0.00,2.82,0.00,0.00,0.00,0.00,0.00,0.00,0.00,0.00,0.00,0.00,22.50,0.00,0.00,0.00,0.00,0.00,0.86,202.75,339.88,1.28,3.59,13.95,0.00
Bangladesh,14450.13,1671.92,29.71,83898.02,1753.98,1841.03,2709.38,1273.73,3.02,0.00,341.10,0.00,0.00,46.73,0.00,0.00,0.00,7742.53,32.53,343.77,3730.65,0.00,1061.63,0.00,16.84,0.00,0.00,0.00,0.00,4230.04,360.48,848.99,212.17,0.00,0.00,11354.12,0.00
Barbados,126.96,37.29,1.20,0.00,109.20,32.11,43.30,0.00,0.00,0.00,0.00,0.00,0.00,0.00,0.00,0.00,0.00,0.00,0.00,0.00,0.00,0.00,3.24,0.00,0.37,0.00,0.00,0.00,0.00,0.00,0.74,60.35,0.00,0.00,0.00,46.54,0.00
Belarus,73296.31,20138.67,0.00,0.00,15217.02,1047.34,0.00,21647.62,1350.63,0.00,37651.04,3.60,0.00,1.31,0.00,0.00,19955.47,7763.08,4.41,0.00,0.00,0.00,3489.62,0.00,9.25,0.00,0.11,0.00,1864.12,0.00,414.61,1825.85,0.58,0.29,0.00,2247.57,0.00
Belgium,1084.16,11370.87,1.45,0.00,2788.03,439.21,0.00,1962.28,0.37,0.00,1481.91,0.00,0.00,0.60,0.00,0.00,1592.61,1755.65,44.20,0.00,0.00,0.00,4511.83,0.00,4.83,0.00,0.00,0.00,0.00,0.00,107.77,3474.17,3.96,0.12,1.86,228.46,0.00
Belize,764.30,124.81,0.18,0.00,421.87,1344.21,16469.09,215.17,0.00,0.00,0.00,0.00,0.00,0.90,0.00,0.00,0.18,858.73,90.34,376.12,0.00,0.00,233.67,0.00,0.00,0.00,0.00,0.00,5.61,455.22,108.16,28.93,6.43,0.00,0.00,1011.34,0.00
Benin,29841.28,873.00,0.00,280.17,9913.59,7260.74,132.95,934.12,0.00,36008.99,0.00,0.00,0.00,0.00,0.00,0.00,0.00,253.34,1.89,26561.46,0.00,3195.15,9.75,0.00,0.00,0.00,0.00,0.47,0.00,89.49,34.08,480.69,0.28,1.98,0.00,617.27,0.00
Bhutan,208.71,38.98,5.69,48.67,354.99,914.06,12328.24,858.31,567.02,0.00,15768.27,0.00,0.00,0.00,0.00,0.00,0.93,698.92,1620.49,125.24,193.58,0.00,4836.90,0.00,56.01,0.00,0.00,6.30,0.00,0.25,1.35,3.31,254.76,42.27,17.90,21.90,1580.32
Bolivia,10230.93,25605.66,4.29,0.00,24664.22,17981.37,471654.50,27902.81,51337.04,1116.87,0.00,0.00,0.00,2.21,0.00,0.00,0.00,57063.91,16132.26,91950.55,0.00,0.00,84893.60,0.00,66338.23,0.00,0.00,4250.23,4426.90,80.08,29034.19,1191.10,87759.59,0.00,0.00,13273.02,1026.64
Bosnia and Herzegovina,5618.20,3072.85,62.19,38.37,6335.38,169.80,0.00,18075.75,165.16,0.00,2867.07,0.00,0.00,1.39,0.00,0.00,5127.52,3503.00,53.17,921.29,0.00,0.00,5233.32,0.00,41.20,0.00,0.00,0.00,0.00,0.00,68.23,411.36,1.73,10.81,0.00,275.65,0.00
Botswana,20426.21,3250.99,14.89,9.04,8109.06,2940.29,0.00,5841.95,0.18,34579.14,0.00,0.00,0.00,0.00,0.00,0.00,0.00,8875.53,2060.66,445860.25,0.00,123.55,29280.67,0.00,537.78,0.00,0.00,1.84,0.00,0.00,7556.85,386.62,9013.22,0.27,174.84,631.65,0.00
Brazil,156615.24,962253.85,44.54,148.80,678705.56,314890.65,3674448.06,129169.52,65449.44,146720.32,0.80,0.00,0.00,353.85,0.00,0.00,2.91,217851.63,38319.77,1284082.32,0.00,0.00,406987.44,0.00,1158.66,0.00,0.00,304.77,99805.62,5298.17,139287.60,24421.20,3518.05,0.00,0.00,128728.48,0.00
Brunei,95.69,114.33,1.51,1.14,240.63,220.38,4515.20,0.00,0.00,0.00,0.00,0.00,0.00,0.00,0.00,0.00,0.00,0.00,0.00,4.73,0.00,0.00,0.00,0.00,1.04,0.00,0.00,0.00,258.57,169.43,0.00,80.73,0.00,0.00,0.00,127.03,0.00
Bulgaria,25662.98,23896.32,233.13,984.41,7816.13,5110.76,0.00,30301.24,410.65,0.00,5427.43,0.00,0.00,0.98,0.00,0.00,3104.78,3743.83,20.54,222.11,0.00,0.78,1892.16,0.00,133.55,0.00,0.00,0.35,0.00,0.00,181.07,2178.85,472.01,88.68,1.66,1210.61,0.00
Burkina Faso,127923.72,23373.34,0.18,1734.31,22650.15,20664.52,0.65,179.23,39.11,6361.58,0.00,0.00,0.00,0.00,0.00,0.00,0.00,328.87,108.05,19499.57,0.00,4093.47,42639.73,0.00,1117.76,0.00,0.00,38.15,0.00,5.57,262.58,356.09,1048.95,6.57,0.00,957.50,0.00
Burundi,1756.66,12621.66,1008.40,1.23,57.73,107.63,151.10,978.10,88.48,241.01,0.00,0.00,0.00,0.00,0.00,0.00,9.19,2234.72,5.59,1961.86,0.00,12.99,3310.91,0.00,0.00,0.00,0.00,0.00,11.29,3.89,245.45,100.12,0.00,0.00,0.00,2305.00,0.00
Cambodia,50708.90,6872.83,500.92,9049.39,7035.51,6257.73,34999.26,24556.95,8.06,5.93,467.73,0.00,0.00,0.93,0.00,0.00,0.28,23410.83,15.48,1503.63,3735.36,0.00,1129.92,0.00,2.51,0.00,0.00,0.00,25.37,348.33,6626.13,255.29,6.78,1.02,14.86,4070.14,0.00
Cameroon,36837.08,11995.71,0.00,624.60,14540.60,8271.24,212490.81,1208.59,0.00,136924.49,0.00,0.00,0.00,0.00,0.00,0.00,0.00,3685.87,10687.48,15999.43,0.00,1526.78,1849.62,0.00,0.00,0.00,0.00,0.00,143.56,2307.25,1845.66,682.01,6.71,7.15,0.00,3667.13,0.00
Canada,3290.05,534755.81,0.00,0.00,17688.27,13172.29,4.06,177708.41,90798.84,280.12,1123686.15,2170670.19,968.71,8613.69,0.00,0.00,546363.17,391592.84,3356.07,389706.24,0.23,0.00,238724.84,1222197.71,1054204.98,0.00,77.46,107.93,150256.89,0.00,77864.96,11223.79,382290.55,13945.09,0.00,1156808.43,185487.62
Cape Verde,28.37,0.37,0.00,172.55,11.55,50.93,1.56,0.00,0.00,0.55,0.00,0.00,0.00,0.00,0.00,0.00,0.00,113.76,252.80,1329.21,0.00,0.37,272.38,0.00,41.65,0.00,0.18,2.92,0.00,29.33,0.36,29.41,850.67,431.60,0.00,417.21,0.00
Central African Republic,4379.49,1986.28,0.19,131.20,3237.40,3124.34,99535.86,9146.96,0.00,395000.75,0.75,0.00,0.00,0.00,0.00,0.00,0.00,2758.97,63611.36,33439.74,0.00,744.84,62.97,0.00,0.00,0.00,0.00,0.00,412.48,98.76,128.81,163.63,4.07,0.85,0.00,980.93,0.00
Chad,122209.42,18147.81,0.00,15062.92,37841.68,43446.46,85.73,356.15,0.00,43987.70,0.19,0.00,0.00,0.00,0.00,0.00,0.00,371.78,522.08,128085.99,0.00,4926.78,128356.49,0.00,41689.26,0.00,1436.65,34142.09,0.00,161.55,7104.96,243.12,635284.70,82.52,87.61,3757.09,0.00
Chile,9261.42,9567.95,0.00,0.59,12676.99,16388.73,93106.29,52772.90,6452.53,8738.75,0.00,0.00,0.00,0.15,0.00,0.00,17399.03,41980.15,1226.66,119256.67,0.00,13.44,29027.16,0.00,115362.78,0.00,0.00,2487.03,0.00,0.14,256.09,2263.63,135704.05,0.00,0.00,40490.10,28260.23
China,606184.85,584706.64,6.78,657400.59,447072.94,429256.08,435367.94,333796.43,170472.38,5.83,524944.46,0.83,3.69,136569.42,0.30,0.00,1039.23,149837.75,54028.69,16387.63,11731.01,8382.29,2581185.31,310.90,226142.40,0.00,2.03,0.17,106.75,1727.37,32805.64,112251.37,1594627.24,25161.72,49306.21,125513.66,64587.45
Colombia,45945.75,23351.42,20.49,0.00,31882.81,38974.19,705600.35,8133.78,0.85,0.00,0.00,0.00,0.00,23.98,0.00,0.00,8.33,13443.57,11469.41,54763.94,0.00,0.47,139696.26,0.00,5198.67,0.00,0.00,0.47,12775.09,3495.86,24207.14,2409.14,251.89,0.00,0.00,15155.67,65.91
Comoros,2.33,111.75,0.00,0.00,0.28,57.70,824.57,83.58,0.00,0.00,0.00,0.00,0.00,0.00,0.00,0.00,0.00,390.60,2.14,17.96,0.00,0.19,6.52,0.00,0.00,0.00,0.00,0.00,0.00,3.53,0.00,23.44,0.00,0.00,0.00,213.81,0.00
Congo,7772.04,13781.57,0.00,0.00,7940.42,5450.08,179602.68,911.63,1.14,37860.85,0.00,0.00,0.00,0.00,0.00,0.00,0.00,22962.52,4766.65,10858.41,0.00,0.00,7364.65,0.00,0.00,0.00,0.00,0.00,40969.08,853.48,818.10,278.44,2.18,0.19,0.00,3556.17,0.00
Cook Islands,1.60,0.89,0.00,0.00,37.99,12.87,74.96,0.00,0.00,0.00,0.00,0.00,0.00,0.00,0.00,0.00,0.00,0.00,0.00,0.00,0.00,0.00,0.00,0.00,0.54,0.00,0.00,0.00,0.00,0.36,0.00,0.18,0.00,0.00,0.00,100.23,0.00
Costa Rica,2777.43,274.53,0.56,0.00,1612.45,9367.04,31863.69,3306.58,0.00,0.00,0.00,0.00,0.00,2.81,0.00,0.00,3.65,192.49,111.96,4.78,0.00,0.00,96.93,0.00,0.00,0.00,0.00,0.00,169.71,376.50,33.30,421.88,21.96,0.00,0.00,904.64,0.00
Croatia,6493.17,11264.95,534.61,116.46,5368.67,160.44,0.00,17671.74,70.43,0.00,1857.93,0.00,0.00,2.23,0.00,0.00,2419.69,3599.33,27.54,785.44,0.00,0.00,2870.84,0.00,276.03,0.00,0.00,0.00,0.00,0.00,275.00,818.85,75.15,11.70,0.00,1145.16,0.00
Cuba,26146.11,4015.65,5.12,0.00,12301.02,9864.71,16325.32,2662.75,0.00,0.00,1932.25,0.00,0.00,2.30,0.00,0.00,17327.51,2484.48,900.32,26.92,0.00,0.00,5760.82,0.00,8.22,0.00,0.00,0.00,20.59,3662.30,1759.84,800.41,4.95,0.00,0.00,4998.17,0.00
Curaçao,7.80,0.37,0.19,0.00,2.14,3.81,2.51,142.46,0.00,0.00,0.00,0.00,0.00,1.21,0.00,0.00,0.00,2.69,13.38,104.98,0.00,0.00,49.14,0.00,2.04,0.00,0.00,0.00,0.00,0.19,10.03,60.86,0.00,0.00,0.00,85.27,0.00
Cyprus,1590.97,285.01,293.79,146.03,620.48,975.77,0.00,0.62,0.00,0.00,964.75,0.00,0.00,0.00,0.00,0.00,0.00,1398.99,7.73,314.01,0.00,9.55,56.42,0.00,1292.02,0.00,0.00,59.26,0.00,0.00,3.76,341.80,688.54,5.24,0.00,239.36,0.00
Czech Republic,6353.57,26042.15,76.97,0.00,6491.82,289.24,0.00,2903.35,21.16,0.00,17179.65,0.00,0.00,8.02,0.00,0.00,4839.30,4627.52,71.00,0.00,0.00,0.00,5932.63,0.00,48.82,0.00,0.00,0.00,0.00,0.00,79.29,3478.06,0.86,2.38,0.00,593.33,0.00
Côte d'Ivoire,122528.62,4927.22,0.00,263.29,22944.78,16565.47,13637.38,1324.09,0.00,105033.79,0.00,0.00,0.00,0.00,0.00,0.00,0.00,504.28,3.31,27011.75,0.00,2669.33,12.85,0.00,0.00,0.00,0.00,0.00,5.47,115.03,18.48,1512.47,0.00,0.00,0.00,2359.05,0.00
Democratic People's Republic of Korea,1096.50,37677.75,0.00,6.07,2412.65,1022.34,0.00,70264.34,523.85,0.00,3365.55,0.00,0.00,1221.59,0.00,0.00,178.32,331.76,11.20,90.19,96.00,565.23,554.65,0.57,235.81,0.00,0.00,0.00,9.52,0.00,61.27,925.17,192.79,0.00,0.00,2118.64,0.00
Democratic Republic of the Congo,78659.09,90684.64,266.85,7123.18,71279.43,22601.30,1012846.68,222936.52,15912.70,423692.40,0.00,0.00,0.00,0.00,0.00,0.00,0.00,49797.57,6068.89,44659.58,0.00,101.66,32051.26,0.00,27.34,0.00,0.00,0.00,153020.63,2649.53,49298.31,1933.31,354.85,2.75,0.00,41092.08,0.00
Denmark,7227.53,19261.19,3.00,0.00,4564.63,129.27,0.00,1301.57,0.81,0.00,1696.62,0.00,0.00,0.49,0.00,0.00,640.03,1526.79,359.98,0.00,0.00,0.00,2439.76,0.00,9.62,0.00,0.00,0.00,0.00,0.00,497.31,1681.01,14.40,2.68,6.57,2006.60,0.00
Djibouti,0.65,0.00,0.00,14.70,0.84,31.43,0.00,0.00,0.00,0.28,0.00,0.00,0.00,0.00,0.00,0.00,0.00,4.56,77.40,215.79,0.00,0.00,676.40,0.00,479.98,0.00,0.00,12.66,0.00,8.55,934.97,17.60,18185.40,925.19,0.56,422.50,0.00
Dominica,0.18,0.18,0.00,0.00,1.10,0.64,642.40,0.00,0.00,0.00,0.00,0.00,0.00,0.00,0.00,0.00,0.92,0.18,0.00,0.00,0.00,0.00,1.28,0.00,2.66,0.00,0.00,0.00,32.98,25.10,0.00,3.03,0.00,0.00,0.00,43.80,0.00
Dominican Republic,6729.16,2062.39,5.41,0.00,3958.27,3157.95,17790.32,753.46,0.00,0.00,255.44,0.00,0.00,0.63,0.00,0.00,3076.86,987.06,67.15,25.00,0.00,0.18,5701.42,0.00,25.45,0.00,0.00,0.00,65.98,202.28,2031.35,708.47,3.77,0.00,0.00,1129.02,0.00
Ecuador,11793.53,2324.54,6.84,0.00,10528.47,12520.78,162327.17,44.97,248.57,929.25,0.00,0.00,0.00,8.93,0.00,0.00,43.38,3853.33,3301.25,24930.78,0.28,0.28,9674.03,0.00,354.69,0.00,0.00,0.57,883.80,1988.71,1107.10,1270.19,3369.41,0.00,0.00,4247.14,123.82
Egypt,683.60,11878.85,34.42,35041.57,599.19,22.28,0.00,0.00,0.00,0.00,0.00,0.00,0.00,0.33,0.00,0.00,0.00,0.95,0.00,889.53,0.00,13.58,8.56,0.00,13790.08,0.00,28.75,9.12,0.00,10.10,10579.06,2748.73,908391.74,5848.17,3008.63,8451.14,0.00
El Salvador,2864.98,149.99,0.00,0.00,1320.85,574.13,2893.72,11413.52,0.00,0.00,0.00,0.00,0.00,0.00,0.00,0.00,0.18,83.01,6.00,186.29,0.00,0.00,35.82,0.00,0.74,0.00,0.00,0.00,0.46,391.64,14.40,301.66,13.21,0.00,0.00,464.90,0.00
Equatorial Guinea,289.33,570.34,0.00,0.00,1682.57,177.91,23179.95,2.28,0.00,151.23,0.00,0.00,0.00,0.00,0.00,0.00,0.00,18.03,0.85,6.27,0.00,0.00,1.42,0.00,0.00,0.00,0.00,0.00,0.00,373.18,8.07,50.00,0.00,0.00,0.00,331.10,0.00
Eritrea,11103.40,301.25,0.00,1089.37,4370.13,8285.88,11.55,0.00,0.00,139.23,423.02,0.00,0.00,0.00,0.00,0.00,19.96,2223.36,5440.81,13103.91,0.00,66.02,17672.23,0.00,7840.72,0.00,15.83,10.71,0.00,83.03,165.76,140.20,47519.20,2213.23,67.30,820.02,0.00
Estonia,5179.24,2374.61,5.40,0.00,3621.07,497.86,0.00,6102.57,164.47,0.00,7312.07,0.00,0.00,4.03,0.00,0.00,10100.49,3025.74,22.14,1.71,0.00,0.00,2306.28,0.00,17.80,0.00,2.96,0.00,0.25,0.00,1964.77,283.44,9.64,0.78,1.15,3123.70,0.00
Ethiopia,123117.24,20366.37,0.00,5746.80,50107.65,75840.54,44712.22,5394.97,0.00,154989.90,4.56,0.00,0.00,0.00,0.00,0.00,0.38,18623.17,15736.77,457819.13,0.00,2751.58,69182.69,0.00,2132.82,0.00,395.88,66.83,0.00,859.48,1697.74,780.99,64785.11,5617.40,1.12,7649.33,0.00
Faroe Islands,1.49,17.00,0.00,0.00,1.96,0.04,0.00,0.00,0.00,0.00,68.86,0.00,0.00,0.00,0.00,0.00,0.00,24.80,29.88,63.66,1.57,0.00,778.36,0.00,56.52,0.00,0.00,0.00,0.00,0.00,5.15,0.00,3.69,0.00,0.00,376.82,0.00
Fiji,355.45,300.26,266.06,1.91,3442.40,886.53,11737.84,0.00,0.00,0.00,0.00,0.00,0.00,0.00,0.00,0.00,0.00,0.18,0.00,0.00,0.00,0.00,0.00,0.00,43.02,0.00,0.00,0.00,147.59,597.15,0.00,30.05,0.00,0.00,0.00,1614.13,0.00
Finland,22086.17,661.53,0.00,0.00,3554.90,2241.29,0.00,4860.73,0.00,0.00,185733.57,0.00,0.00,5.14,0.00,0.00,30925.78,19039.61,1823.55,117.47,0.00,208.09,31.33,0.00,4421.87,0.00,412.76,0.00,18.29,0.00,24286.91,551.56,204.28,1.55,0.44,33718.82,0.00
France,38259.49,184818.88,14039.53,504.12,43674.56,3947.23,95519.32,72260.75,44.06,2.20,37960.46,0.67,0.00,53.46,0.00,0.00,15739.86,23017.10,1836.24,4006.87,0.27,1.70,89145.04,0.00,4266.00,0.00,0.00,0.00,876.61,1507.74,2102.42,17630.48,6098.60,870.20,33.89,10236.60,922.35
Gabon,3049.52,3129.26,0.00,0.00,4881.60,1734.37,223474.69,69.88,0.00,6152.86,0.00,0.00,0.00,0.00,0.00,0.00,0.00,3025.81,903.34,4432.51,0.00,0.28,3710.48,0.00,0.00,0.00,0.00,0.00,296.14,2186.04,172.98,196.10,0.00,0.00,0.00,3344.66,0.00
Gambia,5204.49,97.31,0.00,192.20,877.72,425.05,0.74,230.50,0.28,757.75,0.00,0.00,0.00,0.00,0.00,0.00,0.00,2.03,1.66,851.71,0.00,134.00,1.11,0.00,0.00,0.00,0.00,0.00,0.18,1316.60,41.50,102.26,0.74,13.87,0.00,478.37,0.00
Georgia,7539.28,3724.31,13.08,1128.16,4455.36,7752.76,0.00,25050.39,29.28,0.00,3111.53,0.14,0.00,2.23,0.28,0.00,2089.69,3105.52,260.54,2662.00,0.00,60.32,5479.54,0.00,438.50,0.00,0.00,28.70,1.04,0.00,95.52,967.64,673.12,383.68,10.93,524.21,283.74
Germany,20577.38,124204.25,2108.14,0.00,15666.28,2324.05,0.00,24778.59,2.66,0.00,53108.62,0.00,0.00,44.94,0.00,0.00,18453.00,17865.82,994.59,0.00,0.00,0.00,47506.71,0.00,227.76,0.00,0.00,0.00,0.00,0.00,1117.02,24444.42,70.71,49.77,17.76,5009.95,0.00
Ghana,85978.47,1655.50,0.00,177.65,16096.31,9403.63,12683.37,2163.29,0.00,68797.01,0.00,0.00,0.00,0.00,0.00,0.00,0.00,171.74,11.31,27019.22,0.00,4822.25,37.92,0.00,1.22,0.00,0.00,3.40,0.76,251.44,45.43,2154.72,14.51,17.27,33.93,7611.24,0.00
Greece,14090.38,14659.56,9222.94,9615.64,2596.42,4668.21,0.00,15215.35,1.77,0.00,9929.19,0.00,0.00,0.15,0.00,0.00,1059.27,11190.23,55.02,24469.82,0.00,8.89,7066.01,0.00,666.14,0.00,0.00,30.63,0.00,0.00,220.35,1836.74,2339.84,62.55,6.94,4188.90,0.00
Greenland,0.00,0.00,0.00,0.00,0.00,0.00,0.00,0.00,0.00,0.00,0.00,0.00,0.00,0.00,0.00,0.00,0.00,1826.31,6151.24,7880.97,0.00,8.31,25642.67,28372.24,261632.67,0.00,0.00,0.00,0.00,0.00,1014.89,0.59,6584.90,63.92,0.00,59462.60,1761638.18
Grenada,1.21,0.00,0.19,0.00,1.95,5.02,283.46,0.00,0.00,0.00,0.00,0.00,0.00,0.00,0.00,0.00,0.00,0.00,0.00,0.00,0.00,0.00,21.46,0.00,0.00,0.00,0.00,0.00,5.30,0.65,0.19,6.88,0.00,0.00,0.00,42.26,0.00
Guatemala,9781.05,758.47,0.28,0.00,4917.81,14477.46,56493.47,6445.58,0.00,0.00,0.00,0.00,0.00,0.00,0.00,0.00,150.29,6972.26,1497.78,411.38,0.00,0.00,4340.36,0.00,0.00,0.00,0.00,0.00,139.66,361.29,185.93,799.69,23.60,0.00,0.00,1406.47,0.00
Guinea,17746.14,2577.19,0.00,536.89,13762.75,21533.76,6283.55,1754.63,0.00,147246.67,0.00,0.00,0.00,0.00,0.00,0.00,0.00,280.96,1.50,25312.10,0.00,2670.14,8.70,0.00,0.00,0.00,0.00,0.00,5.92,3564.07,10.45,440.51,4.58,13.57,0.00,1327.13,0.00
Guinea-Bissau,1972.60,97.13,0.00,314.42,3260.16,2437.90,170.07,158.13,0.00,17940.70,0.00,0.00,0.00,0.00,0.00,0.00,0.00,70.35,5.20,817.86,0.00,116.38,46.88,0.00,0.00,0.00,0.00,0.00,0.00,4119.44,25.27,47.14,6.23,30.14,0.00,1687.99,0.00
Guyana,329.68,818.97,0.00,0.00,366.34,1660.88,187304.55,167.73,0.00,0.00,0.00,0.00,0.00,5.55,0.00,0.00,0.00,5192.10,744.14,8966.07,0.00,0.00,651.03,0.00,33.86,0.00,0.00,0.00,2364.87,79.41,1451.68,208.03,38.19,0.00,0.00,1456.16,0.00
Haiti,1859.90,429.22,7.39,0.00,1640.77,1148.65,2283.48,75.78,0.00,0.00,0.54,0.00,0.00,0.00,0.00,0.00,1207.60,115.61,46.94,2.80,0.00,0.00,14000.74,0.00,68.90,0.00,0.00,0.00,109.86,125.58,2903.77,366.56,0.36,0.00,0.00,821.94,0.00
Holy See,0.00,0.00,0.00,0.00,0.00,0.00,0.00,0.00,0.00,0.00,0.00,0.00,0.00,0.00,0.00,0.00,0.00,0.00,0.00,0.00,0.00,0.00,0.00,0.00,0.00,0.00,0.00,0.00,0.00,0.00,0.00,0.21,0.00,0.00,0.00,0.00,0.00
Honduras,4403.69,557.62,3.13,0.00,2255.04,18638.08,62796.04,9311.11,0.00,0.00,0.00,0.00,0.00,1.47,0.00,0.00,1.01,5935.30,884.95,181.03,0.00,0.00,4756.43,0.00,2.68,0.00,0.00,0.00,160.52,595.08,146.52,453.11,3.69,0.00,0.00,1691.49,0.00
Hong Kong,23.22,1.14,0.00,66.24,39.68,109.11,208.46,3.08,0.44,0.00,225.27,0.00,0.00,0.00,0.00,0.00,0.00,49.88,4.40,0.18,9.33,0.00,5.19,0.00,0.70,0.00,0.00,0.00,0.00,24.99,5.90,190.94,0.00,0.00,0.00,151.39,0.00
Hungary,19385.27,40624.53,959.03,118.26,2586.58,146.31,0.00,14056.30,5.14,0.00,791.59,0.00,0.00,0.00,0.00,0.00,993.72,1445.90,1.63,0.00,0.00,0.00,6617.14,0.00,15.71,0.00,0.00,0.00,0.00,0.00,530.98,3771.07,1.56,8.81,0.00,1422.20,0.00
Iceland,0.00,0.00,0.00,0.00,0.00,0.00,0.00,1.59,0.00,0.00,0.00,0.00,0.00,0.00,0.00,0.00,0.08,26.64,3564.70,210.41,0.00,3.44,20325.40,13035.18,23317.74,0.00,0.00,0.00,0.00,0.00,7231.51,40.97,20117.10,0.21,0.00,4168.85,11070.66
India,1125839.52,38418.64,12765.70,682515.67,152727.23,157852.78,107828.09,244967.68,12271.21,0.00,91596.75,17.46,1.44,741.33,7.22,0.00,27.11,128198.20,7148.23,40788.92,21537.86,55118.50,112593.48,0.00,6315.24,0.00,0.00,0.00,39.55,3720.01,19156.88,24485.67,36294.44,193.95,398.70,55106.12,16848.01
Indonesia,65516.72,65027.59,42959.47,1166.98,249815.63,233738.52,991369.90,0.00,0.00,0.00,0.00,0.00,0.00,18.99,0.00,0.00,0.00,3295.15,5687.86,985.05,0.95,0.00,451.13,0.00,18334.24,0.00,0.00,0.00,109876.82,39133.41,0.00,15139.60,0.00,0.00,0.00,47954.09,0.00
Iran,136497.37,104027.05,0.38,7174.21,22859.37,45561.80,0.00,14200.13,0.69,0.00,203.95,0.00,0.00,9.40,0.00,0.00,24.60,4906.76,1327.27,51445.14,0.00,2350.38,43725.79,0.00,97723.60,0.00,0.00,17818.75,0.00,6.97,802.19,5224.47,1055463.70,2744.94,1308.00,8597.39,0.00
Iraq,61826.86,22180.79,0.00,127.43,3113.61,6703.40,0.00,16.68,0.00,0.00,16.28,0.00,0.00,0.00,0.00,0.00,8.86,220.79,32.82,1346.75,0.00,142.35,2644.25,0.00,3175.79,0.00,0.00,240.55,0.00,0.00,328.69,2067.15,328040.94,917.52,2.80,4848.08,0.00
Ireland,18.99,3107.27,0.00,0.00,1977.87,397.84,0.00,77.80,0.00,0.00,2640.28,0.00,0.00,0.78,0.00,0.00,1.79,2689.49,2668.85,1.04,0.00,0.00,44328.91,0.00,232.72,0.00,0.00,0.00,0.00,0.00,8638.97,862.88,228.45,2.55,1.21,2173.89,0.00
Israel,3402.50,689.93,0.24,74.42,1152.33,1796.90,0.00,9.92,0.00,0.56,8.14,0.00,0.00,0.00,0.00,0.00,0.00,717.11,9.68,27.65,0.00,1.05,7.47,0.00,410.08,0.00,0.00,387.74,0.00,0.00,0.97,854.97,12054.40,21.73,0.00,488.26,0.00
Italy,39150.89,75900.75,20959.73,4024.86,10328.51,11342.50,0.00,57984.01,27.82,0.00,14233.65,0.00,0.00,230.82,0.00,0.00,4898.80,10628.33,215.16,5962.43,0.00,8.47,19378.15,0.00,2480.43,0.00,0.00,0.95,0.00,0.00,328.32,12607.24,5076.10,1300.37,228.72,4777.46,409.17
Jamaica,925.10,77.59,0.27,0.00,431.99,404.99,4177.54,469.95,0.00,0.00,0.00,0.00,0.00,1.09,0.00,0.00,3086.69,5.88,3.07,0.45,0.00,0.00,798.56,0.00,1.45,0.00,0.00,0.00,17.24,82.85,71.51,277.00,0.00,0.00,0.00,318.98,0.00
Japan,38554.32,4329.81,1.13,21687.76,9974.97,17817.78,1363.63,125774.40,2720.04,0.07,108120.31,0.00,0.00,354.66,0.00,0.00,687.91,9629.51,148.24,0.00,0.00,0.00,345.46,0.00,47.94,0.00,0.00,0.00,40.67,25.32,799.53,22822.42,32.49,0.00,0.00,10981.10,0.00
Jordan,4391.51,584.56,0.00,2.61,297.24,200.15,0.00,0.16,0.00,0.00,0.00,0.00,0.00,0.00,0.00,0.00,0.00,32.92,0.00,2.75,0.00,1.22,28.15,0.00,416.20,0.00,0.00,1255.56,0.00,0.00,0.65,458.87,80720.24,133.58,42.66,603.98,0.00
Kazakhstan,278904.96,38807.55,0.00,76191.04,77009.43,153228.86,0.00,4522.82,433.01,0.00,34209.91,0.00,0.00,4764.59,0.00,0.00,2709.04,5496.38,5597.35,174218.44,0.00,0.00,817822.92,0.00,627582.48,0.00,0.00,0.00,6.31,0.00,10874.34,3573.75,339655.10,341.68,4864.26,61116.31,1187.85
Kenya,71320.25,31456.11,351.02,3197.14,18052.64,21243.96,8645.24,3760.99,98.74,11671.02,0.00,0.00,0.00,0.00,0.00,0.00,8544.48,53335.59,55590.22,168731.27,0.00,146.29,85686.98,0.00,2363.33,0.00,451.39,31.96,321.13,304.12,9488.47,318.82,13088.10,5586.84,20.00,12678.07,0.00
Kiribati,144.37,93.56,0.00,4.27,32.64,0.00,0.09,0.00,0.00,0.00,0.00,0.00,0.00,0.00,0.00,0.00,0.00,0.00,0.00,0.00,0.00,0.00,0.00,0.00,42.60,0.00,0.00,0.00,0.00,0.57,0.00,0.00,0.00,0.00,0.00,861.35,0.00
Kuwait,136.21,151.55,0.00,0.17,81.21,1.82,0.00,0.00,0.00,0.00,0.00,0.00,0.00,0.00,0.00,0.00,0.00,0.00,0.00,32.09,0.00,0.00,0.00,0.00,138.99,0.00,0.00,0.00,0.00,0.00,99.33,380.55,16491.44,11.90,3.17,108.91,0.00
Kyrgyzstan,886.82,3802.91,0.00,29720.98,4864.44,10869.97,0.00,218.90,0.15,0.00,3119.09,1.51,0.86,5589.75,0.65,0.00,2.22,3993.12,4159.12,2915.34,0.00,0.00,76079.97,0.00,21401.12,0.00,0.00,0.00,0.00,0.00,0.00,596.11,18105.65,0.00,5.67,7180.18,6131.40
Lao People's Democratic Republic,21913.47,1926.33,0.00,1247.26,7160.47,10265.38,82090.00,2458.44,263.58,0.18,4694.63,0.00,0.00,0.82,0.00,0.00,0.00,38731.73,104.24,16450.92,38096.60,0.00,539.91,0.00,0.00,0.00,0.00,0.00,0.18,66.71,845.04,129.42,0.00,0.00,0.00,1975.26,0.00
Latvia,7981.74,5417.88,8.54,0.00,5954.16,385.40,0.00,10591.93,53.57,0.00,10527.29,0.00,0.00,9.26,0.00,0.00,11260.57,4542.60,22.57,0.00,0.00,0.00,4886.28,0.00,1.36,0.00,0.00,0.00,0.00,0.00,1370.09,351.54,2.08,0.21,3.22,1443.21,0.00
Lebanon,3548.39,939.69,0.47,16.79,486.55,916.94,0.00,14.12,0.00,0.00,80.94,0.00,0.00,0.00,0.00,0.00,0.00,225.61,1.18,1873.33,0.00,0.32,8.59,0.00,416.67,0.00,0.00,676.19,0.00,0.00,0.00,292.63,440.32,2.05,0.00,170.97,0.00
Lesotho,4964.28,2507.13,0.00,5.25,50.99,248.55,0.00,50.62,0.25,124.99,0.00,0.00,0.00,0.00,0.00,0.00,0.00,3617.99,2481.25,5593.90,0.00,2.91,10424.78,0.00,1.83,0.00,0.00,0.00,0.00,0.00,8.84,91.41,6.72,0.00,0.00,68.36,0.00
Liberia,10768.08,21478.20,0.00,0.00,15863.12,3049.05,42825.62,6.42,0.00,130.24,0.00,0.00,0.00,0.00,0.00,0.00,0.00,316.50,10.02,245.70,0.00,0.00,9.64,0.00,0.00,0.00,0.00,0.00,0.00,224.14,24.83,226.15,0.00,0.00,0.00,490.41,0.00
Libya,8477.04,12456.54,0.00,672.71,65.23,28.40,0.00,176.43,0.00,1088.67,0.00,0.00,0.00,0.00,0.00,0.00,0.00,0.16,0.16,1972.36,0.00,2.01,80.98,0.00,32844.75,0.00,0.00,5415.58,0.00,1.36,227.32,1029.93,1553434.62,3351.00,1728.78,1862.47,0.00
Liechtenstein,1.89,15.55,0.00,0.00,4.16,0.72,0.00,4.29,0.00,0.00,47.65,0.00,0.00,0.00,0.00,0.00,15.43,12.37,0.00,0.00,0.00,0.00,27.85,0.00,0.13,0.00,0.00,0.00,0.00,0.00,0.00,13.34,0.00,1.17,0.00,1.82,0.00
Lithuania,14698.33,12151.87,17.56,0.00,10167.08,302.23,0.00,4997.43,11.33,0.00,7897.84,0.16,0.00,4.53,0.00,0.00,6416.44,3077.33,1.73,0.00,0.00,0.00,3023.28,0.00,5.44,0.00,0.00,0.00,0.00,0.00,332.55,749.71,4.24,0.00,6.72,1286.56,0.00
Luxembourg,78.09,480.16,4.09,0.00,385.16,19.62,0.00,482.01,0.00,0.00,26.69,0.00,0.00,0.00,0.00,0.00,108.69,262.08,0.37,0.00,0.00,0.00,641.02,0.00,0.74,0.00,0.00,0.00,0.00,0.00,0.25,157.42,0.00,0.00,0.00,4.32,0.00
Madagascar,10574.77,20270.00,0.00,0.00,2455.58,48343.90,64617.89,62836.87,0.18,20651.32,0.00,0.00,0.00,0.00,0.00,0.00,0.00,108151.15,236155.99,821.90,0.00,3.84,136.28,0.00,584.94,0.00,0.00,0.00,0.00,2940.58,3314.34,436.66,3353.85,0.00,0.00,8350.84,0.00
Malawi,8460.38,48680.79,702.60,531.08,1826.65,2503.59,344.63,12758.66,339.00,10562.22,0.00,0.00,0.00,0.00,0.00,0.00,0.00,1362.43,103.27,1869.12,0.00,1021.54,2254.31,0.00,3.29,0.00,0.00,0.00,2.05,4.25,2314.34,304.64,126.82,0.00,0.00,23847.01,0.00
Malaysia,4517.39,9796.38,4000.87,68.38,41427.24,46190.25,200354.75,0.00,0.00,0.00,0.00,0.00,0.00,0.00,0.00,0.00,0.00,6.05,1.80,339.45,0.66,0.00,0.57,0.00,196.57,0.00,0.00,0.00,6790.05,6055.41,0.00,3436.43,0.00,0.00,0.00,6185.57,0.00
Maldives,0.00,0.00,0.00,2.47,0.00,0.00,0.00,0.00,0.00,0.00,0.00,0.00,0.00,0.00,0.00,0.00,0.00,0.00,0.00,0.00,0.00,0.00,0.00,0.00,0.76,0.00,0.00,0.00,0.00,0.00,0.00,0.00,2.46,0.00,0.00,219.96,0.00
Mali,148883.98,14837.03,0.00,28193.37,35924.36,36066.33,20.08,992.73,0.46,21032.93,0.00,0.00,0.00,0.00,0.00,0.00,0.00,1237.63,353.47,59632.53,0.00,17860.58,139259.04,0.00,29569.30,0.00,1036.36,15769.65,0.00,28.13,3042.91,352.70,695938.64,236.46,18.30,3783.19,0.00
Malta,134.06,0.85,0.00,0.15,28.83,6.34,0.00,0.00,0.00,0.00,0.00,0.00,0.00,0.00,0.00,0.00,0.00,0.15,0.00,1.01,0.00,0.08,0.00,0.00,3.79,0.00,0.00,0.00,0.00,0.00,0.00,77.67,42.72,0.54,0.00,48.44,0.00
Marshall Islands,2.54,1.12,0.00,0.00,2.55,0.00,0.00,0.00,0.00,0.00,0.00,0.00,0.00,0.00,0.00,0.00,0.00,0.00,0.00,0.00,0.00,0.00,0.00,0.00,5.92,0.00,0.00,0.00,0.00,0.00,0.00,0.09,0.00,0.00,0.00,233.51,0.00
Mauritania,10717.45,601.23,0.00,1594.12,5432.53,5353.37,0.00,0.00,0.00,0.00,0.00,0.00,0.00,0.00,0.00,0.00,0.00,1182.41,598.68,5412.40,0.00,0.00,111782.40,0.00,29770.93,0.00,775.14,20527.96,183.72,20.81,1904.09,285.38,839552.38,375.86,62.93,1256.33,0.00
Mauritius,100.65,893.95,0.00,0.00,15.84,151.32,381.77,23.74,0.45,0.00,0.00,0.00,0.00,0.00,0.00,0.00,0.00,198.77,2.32,0.89,0.00,0.00,0.98,0.00,0.00,0.00,0.00,0.00,0.00,9.55,0.27,125.16,0.62,0.00,0.00,155.93,0.00
Mexico,54028.54,206104.87,14.63,0.00,28199.74,34149.54,215708.68,250098.49,0.00,0.00,82092.33,0.00,0.00,1080.90,0.00,0.00,159517.59,4938.93,1459.49,695670.57,0.00,0.00,150765.59,0.00,603.20,0.00,0.00,0.00,170.56,9814.73,701.75,13353.95,27762.20,0.00,0.00,25142.73,0.00
Micronesia (Federated States of),2.08,0.19,0.00,0.00,28.03,0.47,214.84,0.00,0.00,0.00,0.00,0.00,0.00,0.00,0.00,0.00,0.00,0.00,0.00,0.00,0.00,0.00,0.00,0.00,0.28,0.00,0.00,0.00,0.00,213.93,0.00,27.46,0.00,0.00,0.00,214.33,0.00
Moldova,25195.30,2330.61,0.93,0.13,690.93,24.25,0.00,2402.94,7.51,0.00,44.21,0.20,0.00,0.00,0.00,0.00,24.00,72.45,0.32,0.00,0.00,0.00,122.10,0.00,2.26,0.00,0.00,0.00,1.45,0.00,61.46,2107.06,0.00,0.19,0.00,331.41,0.00
Monaco,0.76,5.25,0.00,0.00,0.83,0.00,0.00,0.00,0.00,0.00,2.83,0.00,0.00,0.00,0.00,0.00,0.00,0.90,0.00,1.66,0.00,0.00,0.97,0.00,0.14,0.00,0.00,0.00,0.00,0.00,0.00,6.77,0.00,0.00,0.00,1.87,0.00
Mongolia,4543.20,15070.46,0.00,5527.24,31761.35,44977.80,0.00,3607.72,35.58,0.00,5276.67,0.00,0.00,60711.87,0.00,0.00,615.96,12705.91,10230.91,8536.97,7.72,300.89,306025.09,1.08,346725.11,0.00,0.18,0.00,2.30,0.00,3756.61,611.98,689148.36,261.58,42.09,14753.57,653.21
Montenegro,863.18,561.21,47.84,0.42,872.88,78.79,0.00,3903.40,56.53,0.00,1286.65,0.00,0.00,6.13,0.00,0.00,792.40,3197.86,1.68,34.37,0.00,0.00,1526.46,0.00,94.66,0.00,0.00,0.00,0.00,0.00,100.37,87.10,25.34,13.55,0.00,305.39,0.00
Morocco,37494.18,38367.00,34.73,605.14,6389.52,10795.66,277.58,6583.73,0.00,0.00,840.00,0.00,0.00,0.00,0.00,0.00,0.00,12309.56,596.08,14142.73,0.00,488.91,46.21,0.00,26129.14,0.00,0.00,70375.36,0.00,0.39,1.14,1839.81,358836.54,3357.53,382.36,2883.34,0.00
Mozambique,20992.86,43739.19,13.54,24102.60,16558.04,8139.00,17636.74,202024.20,12761.82,213909.25,0.00,0.00,0.00,5.94,0.00,0.00,108.77,5398.51,685.80,146576.68,0.00,4264.79,27676.38,0.00,471.92,0.00,0.00,0.36,22.24,4665.69,17747.60,629.58,5847.08,0.00,4.01,16013.14,0.00
Myanmar,137421.46,13043.58,1.68,25772.16,14016.29,35872.45,151886.06,46940.53,248.48,0.00,53005.24,0.00,0.00,2.24,0.00,0.00,0.00,78946.38,347.54,29711.47,55819.41,8.89,6220.18,0.00,31.85,0.00,0.00,0.00,0.93,3851.00,617.34,1134.49,11.40,3.44,0.59,10382.37,35.99
Namibia,17333.49,1935.18,31.99,2.84,3617.17,5468.00,0.00,2303.35,0.00,22947.07,0.00,0.00,0.00,0.00,0.00,0.00,0.00,52143.89,13145.80,151493.99,0.00,314.59,369219.67,0.00,25297.43,0.00,0.00,7.81,0.00,0.00,1313.74,729.64,150154.05,210.21,171.91,5818.74,0.00
Nauru,1.99,13.96,0.00,0.00,3.32,0.00,0.00,0.00,0.00,0.00,0.00,0.00,0.00,0.00,0.00,0.00,0.00,0.00,0.00,0.00,0.00,0.00,0.00,0.00,1.42,0.00,0.00,0.00,0.00,0.00,0.00,0.00,0.00,0.00,0.00,11.97,0.00
Nepal,10346.77,4076.29,3.15,13206.40,5065.90,12208.30,9369.40,14156.78,10064.43,0.00,32826.49,0.00,0.00,0.00,0.00,0.00,0.34,2033.82,5099.32,247.59,154.64,0.00,21984.07,0.00,90.58,0.00,0.00,0.00,0.00,0.00,22.31,305.26,1451.47,62.83,77.23,330.27,4406.05
Netherlands,2480.53,8579.73,2.29,0.00,2511.07,346.35,9.62,503.46,0.55,0.00,1670.50,0.00,0.00,2.25,0.00,0.00,421.31,1111.74,138.54,156.39,0.00,0.00,11834.55,0.00,40.46,0.00,0.00,0.00,0.00,1.38,653.45,3936.60,27.17,0.47,20.22,3450.72,0.00
New Zealand,636.48,1143.55,1532.77,0.17,2117.33,891.47,59750.40,135.06,4.36,0.00,0.08,0.00,0.00,3247.16,4343.65,1.52,82.57,12511.01,14368.65,15728.74,0.00,5.85,125775.91,0.36,782.29,0.00,0.14,1230.55,0.00,193.71,1150.34,2488.35,9818.14,0.00,13.19,11176.44,1086.97
Nicaragua,4426.68,681.03,1.30,0.00,3710.03,33359.32,54866.86,12828.83,0.00,0.00,0.00,0.00,0.00,2.03,0.00,0.00,1.75,1999.15,935.95,200.52,0.00,0.00,3771.09,0.00,3.24,0.00,0.00,0.00,40.38,934.91,374.79,252.31,27.20,0.00,0.00,10738.43,0.00
Niger,50111.26,2674.27,0.00,3905.58,24228.06,20172.19,0.00,0.00,3.61,32.74,0.00,0.00,0.00,0.00,0.00,0.00,0.00,1143.64,1627.81,5829.37,0.00,16.71,143164.65,0.00,64888.64,0.00,234.66,67560.42,0.00,27.12,1874.13,155.56,791677.95,2528.37,68.79,434.37,0.00
Nigeria,363684.96,63269.10,0.00,6968.70,83701.41,63330.75,41340.99,3120.17,0.00,134840.50,0.00,0.00,0.00,0.00,0.00,0.00,0.00,3227.24,165.78,78405.21,0.00,11418.28,27063.76,0.00,202.42,0.00,0.83,422.64,0.00,8302.76,3639.60,5885.34,137.17,25.90,0.00,9499.76,0.00
Niue,1.80,0.81,0.00,0.09,45.40,3.78,164.52,0.00,0.00,0.00,0.00,0.00,0.00,0.00,0.00,0.00,0.00,0.00,0.00,0.00,0.00,0.00,0.00,0.00,0.00,0.00,0.00,0.00,0.00,0.00,0.00,0.63,0.00,0.00,0.00,15.64,0.00
Norway,8047.37,945.01,0.00,0.00,1915.25,2822.15,0.00,34959.47,0.00,0.00,80820.03,0.00,0.00,16.49,0.00,0.00,5930.55,14883.71,38565.89,740.69,0.00,3146.19,422.77,1503.74,62395.43,0.00,915.58,0.00,20.79,0.00,27113.62,2927.88,35561.60,442.31,0.73,26096.57,35822.73
Oman,66.51,2735.96,0.00,358.94,8.86,2.72,0.00,7.00,0.46,361.58,0.00,0.00,0.00,0.00,0.00,0.00,0.00,0.27,0.00,534.72,0.00,3.17,0.00,0.00,18035.61,0.00,0.00,0.00,0.00,0.00,31.83,439.75,286022.37,1182.46,600.06,1526.59,0.00
Pakistan,45570.80,6597.45,151.61,194670.98,12806.35,31071.93,389.86,3534.50,544.23,0.00,14292.34,1.64,0.46,9.48,0.94,0.00,5.59,7020.81,8761.65,3577.96,1.55,53490.70,199528.73,0.00,28134.81,0.00,0.00,0.00,8.07,2156.43,6250.56,3495.94,220914.58,5182.95,6755.28,7228.00,12161.04
Palau,1.41,1.88,4.71,0.00,11.49,40.21,256.87,0.00,0.00,0.00,0.00,0.00,0.00,0.00,0.00,0.00,0.00,0.00,0.00,0.00,0.00,0.00,0.00,0.00,0.19,0.00,0.00,0.00,2.64,24.12,0.00,2.92,0.00,0.00,0.00,199.57,0.00
Palestine,2001.67,157.68,0.00,1.46,380.61,526.42,0.00,0.00,0.00,0.00,0.81,0.00,0.00,0.00,0.00,0.00,0.00,394.16,0.00,11.76,0.00,1.30,1.30,0.00,632.59,0.00,0.00,563.11,0.00,0.00,0.00,333.58,1181.42,0.16,0.00,182.53,0.00
Panama,6563.57,1098.22,0.47,65.27,3024.27,12488.26,43826.19,3069.53,0.00,0.00,0.00,0.00,0.00,1.88,0.00,0.00,0.00,93.59,164.66,605.70,0.00,0.00,380.65,0.00,5.92,0.00,0.00,0.00,16.51,1296.61,76.78,324.37,44.18,0.00,0.00,2149.18,0.00
Papua New Guinea,5864.67,3562.50,211.45,43.27,27076.54,20372.56,376074.83,0.00,0.00,0.00,0.00,0.00,0.00,2.26,0.00,0.00,0.00,592.26,1773.11,1.22,0.00,0.00,9.24,0.00,4365.54,0.00,0.00,0.00,8710.87,5638.04,0.00,246.32,10.48,0.00,0.00,12923.83,0.00
Paraguay,10276.66,28695.96,0.00,0.00,25098.13,27271.38,66928.93,21384.57,63312.28,499.10,0.00,0.00,0.00,0.00,0.00,0.00,0.00,26168.28,861.98,80595.73,0.00,0.00,13945.57,0.00,28.30,0.00,0.00,0.42,0.00,0.00,30886.62,696.48,6.25,0.00,0.00,3895.59,0.00
Peru,7026.15,6714.51,0.00,0.00,20774.09,11999.53,761941.65,231.77,2951.91,1061.17,0.00,0.00,0.00,92.00,0.00,0.00,0.00,20259.02,7579.77,86324.95,0.00,0.19,148648.58,0.00,57155.28,0.00,0.00,1791.47,34964.82,41.42,3836.34,2359.16,95906.92,0.00,0.00,16817.15,2970.51
Philippines,21209.03,42579.89,1068.51,364.94,74296.14,40140.73,92555.75,0.00,0.00,0.00,0.00,0.00,0.00,3.63,0.00,0.00,0.00,1.49,3.29,2.72,0.00,0.00,0.46,0.00,1496.99,0.00,0.00,0.00,2397.96,4528.52,0.00,1897.88,0.00,0.00,0.00,14032.20,0.00
Poland,46658.17,112557.51,1586.53,0.00,21704.39,1081.49,0.00,10642.36,32.24,0.00,59957.11,0.00,0.00,0.64,0.00,0.00,18717.41,10918.98,118.34,0.00,0.00,0.00,16277.57,0.00,93.90,0.00,0.00,0.00,0.24,0.00,928.19,7638.04,18.68,4.50,5.14,4981.82,0.00
Portugal,7483.85,11827.71,4084.50,2938.86,6610.67,13917.35,56.10,9912.65,1.69,0.00,7367.48,0.00,0.00,0.07,0.00,0.00,620.21,19933.04,22.99,1331.48,0.00,13.84,798.38,0.00,102.26,0.00,0.00,6.92,0.00,0.00,125.95,2491.17,345.21,9.72,27.14,1912.50,0.00
Qatar,0.09,190.22,0.00,70.10,4.39,0.00,0.00,0.00,0.00,0.00,0.00,0.00,0.00,22.64,0.00,0.00,0.00,0.00,0.00,36.88,0.00,0.17,0.00,0.00,143.99,0.00,0.00,0.00,0.00,0.17,0.00,456.25,10125.64,5.08,36.64,166.06,0.00
Republic of Korea (South Korea),937.28,34071.43,0.00,71.84,8738.58,167.85,19.13,18386.92,9257.78,0.00,19025.62,0.00,0.00,505.64,0.00,0.00,40.03,262.56,18.39,151.38,546.47,231.33,350.86,0.00,561.54,0.00,0.46,0.00,42.27,0.00,74.72,2859.40,266.64,0.00,0.00,2851.42,0.00
Romania,85646.70,31910.47,3274.09,383.03,6663.11,369.93,0.00,51518.85,452.78,0.00,12278.62,0.00,0.00,14.15,0.00,0.00,10154.83,2945.61,1099.93,0.00,0.00,0.00,16811.26,0.00,86.37,0.00,0.00,0.00,0.00,0.00,2906.48,8135.81,43.10,13.10,9.39,2131.74,0.00
Russian Federation,1037893.07,342775.29,0.88,1445.72,360710.23,151188.13,33.30,1423019.75,59689.25,0.00,1970376.19,90.39,0.00,4848820.05,0.21,0.00,912300.63,623050.44,129095.61,261995.78,48953.05,636614.12,1053793.67,141078.81,1149334.77,0.00,19908.83,2.71,36284.86,0.00,815596.04,33238.69,314905.59,2534.95,55.75,566303.74,52584.78
Rwanda,5558.50,11476.54,79.81,24.96,146.58,137.06,470.53,1479.29,222.89,207.77,0.19,0.00,0.00,0.00,0.00,0.00,0.00,1420.30,9.02,1489.88,0.00,6.08,37.21,0.00,0.19,0.00,0.00,0.00,12.91,6.64,838.00,134.79,0.38,0.00,0.00,1706.00,0.00
Saint Kitts and Nevis,25.51,0.45,0.00,0.00,16.80,12.26,132.11,0.00,0.00,0.00,20.07,0.00,0.00,0.00,0.00,0.00,5.00,1.64,0.00,0.00,0.00,0.00,16.26,0.00,0.00,0.00,0.00,0.00,0.00,2.00,1.54,6.17,0.00,0.00,0.00,45.04,0.00
Saint Lucia,9.04,3.05,0.00,0.00,7.57,29.62,512.54,0.00,0.00,0.00,0.83,0.00,0.00,0.00,0.00,0.00,0.18,0.00,0.00,0.00,0.00,0.00,0.00,0.00,0.46,0.00,0.00,0.00,4.43,4.61,0.83,9.13,0.00,0.00,0.00,43.45,0.00
Saint Vincent and the Grenadines,2.13,2.96,0.00,0.00,9.34,21.56,293.85,0.00,0.00,0.00,0.00,0.00,0.00,0.00,0.00,0.00,0.00,0.00,0.46,0.00,0.00,0.00,1.02,0.00,0.00,0.00,0.00,0.00,2.50,2.13,0.19,6.48,7.03,0.00,0.00,44.71,0.00
Samoa,319.05,3.42,0.00,0.65,755.48,721.04,889.43,0.00,0.00,0.00,0.00,0.00,0.00,0.00,0.00,0.00,0.00,0.00,0.00,0.00,0.00,0.00,0.00,0.00,0.18,0.00,0.00,0.00,0.00,6.18,0.00,0.28,0.00,0.00,0.00,147.19,0.00
San Marino,24.09,17.28,0.00,0.00,5.78,4.68,0.00,3.92,0.00,0.00,0.00,0.00,0.00,0.00,0.00,0.00,0.00,0.00,0.00,0.00,0.00,0.00,1.31,0.00,0.00,0.00,0.00,0.00,0.00,0.00,0.00,6.19,2.06,0.00,0.00,0.00,0.00
Saudi Arabia,2415.46,23728.83,0.00,244.95,571.28,4.85,0.00,39.77,0.00,427.41,0.00,0.00,0.00,151.84,0.00,0.00,0.00,0.18,4.83,4130.34,0.00,7.97,0.00,0.00,66519.54,0.00,5528.71,24.55,0.00,35.11,91.35,3327.79,1810505.85,1847.76,1386.99,2274.37,0.00
Senegal,41283.30,5131.07,0.18,2793.49,9540.28,4796.55,3.99,828.81,28.63,29003.54,0.00,0.00,0.00,0.00,0.00,0.00,0.00,19469.73,85.81,56246.47,0.00,4803.75,12295.32,0.00,69.13,0.00,259.90,68.33,358.50,1909.61,3734.19,514.12,74.63,8.13,0.00,3618.68,0.00
Serbia,16552.65,15912.05,54.17,4.22,12064.98,202.05,0.00,23083.81,191.32,0.00,1268.45,0.00,0.00,2.58,0.00,0.00,1380.68,2196.63,4.44,0.00,0.00,0.00,2814.92,0.00,16.41,0.00,0.00,0.00,0.00,0.00,110.28,1204.29,14.56,1.75,0.00,812.72,0.00
Seychelles,130.36,1.04,0.00,0.00,40.33,8.86,37.40,0.94,0.47,0.00,0.00,0.00,0.00,0.00,0.00,0.00,0.00,2.06,0.56,0.95,0.00,0.00,1.70,0.00,3.03,0.00,0.00,0.00,0.00,12.95,0.00,2.27,0.47,0.00,0.00,270.79,0.00
Sierra Leone,18218.04,7810.21,0.00,0.19,12342.29,9724.66,5714.10,143.14,0.00,11971.51,0.00,0.00,0.00,0.00,0.00,0.00,0.00,1285.42,489.22,850.16,0.00,34.14,54.54,0.00,0.00,0.00,0.00,0.00,10.32,2247.98,170.76,248.34,5.16,43.93,0.00,604.06,0.00
Singapore,25.45,80.04,1.14,0.57,49.28,27.82,28.11,0.00,0.00,0.00,0.00,0.00,0.00,0.00,0.00,0.00,0.00,0.00,0.00,0.00,0.00,0.00,0.00,0.00,0.00,0.00,0.00,0.00,0.28,21.27,0.00,257.13,0.00,0.00,0.00,38.65,0.00
Slovakia,3946.16,13932.90,30.78,0.00,3128.48,95.82,0.00,12806.85,60.30,0.00,4768.78,0.00,0.00,0.00,0.00,0.00,3652.08,1947.75,18.70,0.00,0.00,0.00,1969.04,0.00,19.68,0.00,0.00,0.00,0.00,0.00,18.37,1978.65,22.65,12.20,0.00,256.22,0.00
Slovenia,809.48,1966.77,25.23,5.03,2547.72,75.54,0.00,5213.38,27.76,0.00,2223.91,0.00,0.00,39.35,0.00,0.00,4204.55,2032.92,18.02,0.00,0.00,0.00,695.30,0.00,30.36,0.00,0.00,0.00,0.00,0.00,17.49,416.92,36.51,45.40,0.00,53.27,0.00
Solomon Islands,8.34,7.78,136.78,0.00,177.23,63.56,23980.83,0.00,0.00,0.00,0.00,0.00,0.00,0.00,0.00,0.00,0.00,0.19,0.00,2.62,0.00,0.00,0.00,0.00,2.16,0.00,0.00,0.00,113.34,837.17,0.00,5.82,0.00,0.00,0.00,2741.36,0.00
Somalia,37549.39,2917.36,0.00,8744.69,3649.24,10508.32,0.95,462.26,26.09,5872.88,2025.19,0.00,0.00,0.00,0.00,0.00,464.55,27173.75,24059.71,357155.56,0.00,20.13,42772.27,0.00,32562.21,0.00,21733.04,3735.71,11.17,13.69,615.00,458.68,53561.86,1871.38,217.31,2307.35,0.00
South Africa,36078.60,77651.01,4091.30,5749.44,9404.83,37548.18,7574.38,35979.75,2874.47,12827.19,0.08,0.00,0.00,1.87,0.00,0.00,0.00,34830.63,7903.99,620968.89,0.00,665.93,212322.64,0.00,91856.49,0.00,0.00,3.94,29.30,456.96,2667.51,6871.49,6676.39,26.72,324.41,5828.58,0.00
South Sudan,11777.93,946.37,0.00,622.80,10010.47,10246.95,2878.31,5876.10,10.99,231821.11,6.11,0.00,0.00,0.00,0.00,0.00,2.45,4120.13,1191.31,277639.80,0.00,3363.44,24001.72,0.00,24.61,0.00,0.00,0.00,3546.58,288.83,37121.81,114.09,13.35,229.07,0.00,1926.72,0.00
Spain,36340.12,102072.98,41782.99,24445.05,22866.11,41153.65,3.61,42556.52,2.58,0.00,41886.21,0.00,0.00,0.76,0.00,0.00,1409.34,71248.47,437.27,22043.48,0.00,181.78,32431.30,0.00,5219.36,0.00,0.00,4302.05,0.00,0.23,560.36,6703.95,4527.98,404.75,30.72,5454.15,0.00
Sri Lanka,14115.87,4704.09,0.00,4195.82,6689.86,2210.36,9957.98,256.96,7.34,0.00,3239.22,0.00,0.00,14.67,0.00,0.00,0.00,9405.27,13.05,254.84,7676.59,0.00,92.17,0.00,66.65,0.00,0.00,0.00,0.00,189.41,0.19,1064.49,15.83,0.00,0.00,2508.96,0.00
Sudan,205646.21,17498.25,7.41,42507.10,68970.88,45428.93,495.65,1291.15,0.00,56916.29,4.12,0.00,0.00,11.12,0.00,0.00,5.00,9661.28,18736.14,142599.99,0.00,2902.73,191482.14,0.00,45082.22,5.74,1061.46,18070.43,56.09,210.24,3835.54,1319.11,978544.49,1384.89,402.41,4872.63,0.00
Suriname,6.14,130.13,0.00,0.00,515.89,273.95,133008.51,280.18,0.85,0.00,0.00,0.00,0.00,18.61,0.00,0.00,0.00,1423.60,36.02,770.22,0.00,0.00,87.17,0.00,0.00,0.00,0.00,0.00,5023.82,625.48,1075.48,143.60,0.00,0.00,0.00,2097.19,0.00
Swaziland,3669.58,2185.84,2.66,11.33,243.17,166.11,335.51,1821.98,120.59,3722.93,0.00,0.00,0.00,0.00,0.00,0.00,0.00,374.24,27.62,1653.93,0.00,16.03,2407.51,0.00,2.63,0.00,0.00,0.00,0.26,38.47,42.43,38.52,259.17,0.00,0.00,67.70,0.00
Sweden,28654.58,4759.79,4.68,0.00,2416.14,2679.58,0.00,11570.24,0.16,0.00,256828.72,0.00,0.00,6.42,0.00,0.00,9903.15,23532.74,16727.97,170.05,0.00,364.21,1541.32,0.00,12453.99,0.00,631.98,0.00,14.32,0.00,32027.68,1865.96,2457.73,134.50,3.61,38389.51,226.71
Switzerland,686.98,3842.87,128.00,0.00,1348.49,174.34,0.00,2499.00,0.13,0.00,6051.88,0.00,0.00,2.97,0.00,0.00,3578.56,3613.14,200.08,0.00,0.00,0.00,11449.87,0.00,1144.85,0.00,0.00,0.00,0.00,0.00,18.95,1816.67,1492.24,1153.83,0.66,1433.18,1044.00
Syrian Arab Republic,29410.63,18154.26,132.74,1854.75,2021.38,4237.47,0.00,117.83,0.00,0.00,147.24,0.00,0.00,0.00,0.00,0.00,0.00,1902.99,253.39,223.27,0.00,11.68,125.74,0.00,4368.40,0.00,0.00,3875.54,0.00,0.00,3.81,1447.82,116640.33,143.14,0.31,1277.65,0.00
São Tomé and Principe,43.78,6.17,0.00,0.00,26.97,15.86,848.67,0.00,0.00,0.00,0.00,0.00,0.00,0.00,0.00,0.00,0.00,0.09,0.00,0.00,0.00,0.00,0.00,0.00,0.38,0.00,0.00,0.00,0.00,11.02,0.28,13.39,0.00,0.00,0.00,107.12,0.00
Taiwan,3513.02,2183.68,102.90,2967.57,1752.32,881.51,21384.24,0.00,0.00,0.26,50.97,0.00,0.00,4.91,0.00,0.00,0.00,8.62,4.10,3.23,0.26,0.00,8.90,0.00,43.57,0.00,0.00,0.00,159.02,250.21,399.82,1681.94,0.00,0.00,0.00,1035.40,0.00
Tajikistan,7342.83,1713.83,0.00,14165.15,2323.74,5958.71,1.34,252.79,222.71,0.00,166.79,0.30,0.30,110.14,0.00,0.00,0.30,167.71,490.75,5020.57,0.00,24.22,63299.13,0.00,5489.46,0.00,0.00,0.00,0.00,0.00,58.85,495.19,22878.77,9.02,287.63,1372.41,11001.17
Thailand,208810.03,38557.45,109.27,30059.14,30412.03,41408.62,60598.04,11874.68,48.57,0.00,8475.11,0.00,0.00,50.16,0.00,0.00,0.00,44858.33,75.45,5490.99,16787.10,4.78,1876.06,0.00,290.75,0.00,0.00,0.00,197.43,3221.90,133.52,3600.97,1.01,0.00,0.00,9136.11,0.00
The former Yugoslav Republic of Macedonia,3590.69,3101.54,185.21,358.53,919.59,1752.90,0.00,9115.91,0.14,0.00,312.11,0.00,0.00,0.00,0.00,0.00,118.81,1807.27,0.29,79.89,0.00,0.00,3044.56,114.83,39.75,0.00,0.00,0.43,0.00,0.00,19.88,297.96,90.08,4.91,0.00,550.37,0.00
Timor-Leste,1773.57,2062.19,278.41,13.52,4586.44,3893.41,2031.19,0.00,0.00,0.00,0.00,0.00,0.00,0.47,0.00,0.00,0.00,0.19,2.72,0.09,0.00,0.00,1.03,0.00,32.25,0.00,0.00,0.00,51.91,89.15,0.00,63.53,0.00,0.00,0.00,380.05,0.00
Togo,17547.80,448.11,0.00,99.51,6804.82,3538.13,673.22,442.92,0.00,20152.09,0.00,0.00,0.00,0.00,0.00,0.00,0.00,25.85,1.51,5567.50,0.00,1305.88,7.29,0.00,0.19,0.00,0.00,0.00,0.00,1.98,12.72,269.63,1.13,0.00,0.00,270.83,0.00
Tonga,3.47,2.22,0.00,4.36,220.28,36.28,195.89,0.00,0.00,0.00,0.00,0.00,0.00,0.00,0.00,0.00,0.00,0.00,0.00,0.00,0.00,0.00,0.00,0.00,0.00,0.00,0.00,0.00,0.00,11.25,0.00,0.73,0.00,0.00,0.00,194.13,0.00
Trinidad and Tobago,391.13,68.23,1.68,0.00,177.66,449.44,3588.66,0.00,0.00,0.00,0.00,0.00,0.00,0.00,0.00,0.00,0.00,12.42,0.37,13.15,0.00,0.00,68.32,0.00,0.84,0.00,0.00,0.00,35.32,18.31,11.20,180.45,0.00,0.00,0.00,202.22,0.00
Tunisia,24718.43,21527.57,5.39,68.46,358.12,110.15,278.42,2351.99,0.15,0.00,57.58,0.00,0.00,0.00,0.00,0.00,0.00,1263.69,7.59,811.62,0.00,9.72,9.43,0.00,813.60,0.00,0.00,12884.45,0.00,2.13,3.07,1065.02,86503.68,3192.94,0.08,1054.02,0.00
Turkey,109370.66,126925.59,12314.29,79790.51,30388.25,77389.64,0.00,37699.06,0.14,0.00,46393.68,0.00,0.00,0.59,0.00,0.00,3293.91,103772.05,2228.18,5811.47,0.00,183.49,75228.77,0.00,29081.46,0.00,0.00,2544.52,0.00,0.00,2098.94,7188.57,13329.94,1678.97,1.42,14826.51,0.00
Turkmenistan,1320.27,2604.25,0.00,38737.41,1765.59,1907.90,0.00,19.62,0.00,0.00,54.98,0.00,0.00,0.00,0.00,0.00,0.00,85.66,7.38,66415.61,0.00,82.13,11248.96,0.00,12767.25,0.00,0.00,68.30,0.00,1.06,14.92,443.88,316243.43,43.54,9919.60,8059.29,0.00
Tuvalu,0.85,0.76,0.00,0.00,4.71,0.66,0.09,0.00,0.00,0.00,0.00,0.00,0.00,0.00,0.00,0.00,0.00,0.00,0.00,0.00,0.00,0.00,0.00,0.00,0.00,0.00,0.00,0.00,0.00,0.00,0.00,0.00,0.00,0.00,0.00,31.89,0.00
Uganda,77805.36,10855.08,9.69,2003.36,20915.18,7550.88,11169.10,607.61,67.96,37677.37,0.76,0.00,0.00,0.00,0.00,0.00,1.71,2015.39,208.47,21120.88,0.00,742.85,7701.15,0.00,0.19,0.00,0.00,0.00,115.83,63.90,3673.62,554.88,0.47,1.23,0.00,37413.08,0.00
Ukraine,359837.68,61569.38,2.76,35.75,9623.28,1262.31,0.00,37445.85,430.74,0.00,30580.15,0.18,0.00,1.01,0.00,0.00,14569.71,7606.33,88.11,0.12,0.00,0.00,11537.65,0.00,273.48,0.00,0.00,0.00,133.76,0.00,540.17,24250.25,145.10,10.23,0.00,13128.22,0.00
United Arab Emirates,9.70,2369.12,0.00,4.83,0.00,1.38,0.00,0.00,0.00,1.20,0.00,0.00,0.00,118.15,0.00,0.00,0.00,0.00,0.00,50.88,0.00,0.69,0.00,0.00,3286.55,0.00,0.00,0.00,0.00,21.09,16.85,2628.01,62403.51,93.86,81.96,421.33,0.00
United Kingdom,338.98,63817.74,56.52,51.09,5056.26,4035.53,269.53,1669.45,3.84,11.16,12584.80,2.30,0.00,13.42,0.00,0.00,33.35,6794.39,24771.36,21.08,0.00,0.31,89569.99,2.92,5257.69,0.00,0.00,24.22,14.67,110.49,13116.75,13407.42,975.31,15.17,17.04,7333.87,2681.98
United Republic of Tanzania,91032.47,117449.97,5103.92,16562.97,25100.11,11144.61,11419.17,115003.68,5000.40,193072.69,0.37,0.00,0.00,4.97,0.00,0.00,20614.03,27495.16,3543.92,151003.70,0.00,3359.22,27317.35,0.00,925.47,0.00,0.00,1.04,5654.19,1213.30,45132.86,903.25,2508.84,1.71,25.63,62060.86,0.00
United States of America,89874.88,1390018.20,0.18,1.47,72026.70,329341.46,11137.32,752612.05,17772.33,0.14,1314876.43,262825.37,1.01,28847.66,0.00,0.00,242979.04,163988.49,7160.88,1847710.86,0.33,44.08,1702905.12,66554.76,188926.89,0.00,4080.29,124.26,171471.36,1995.86,76935.61,135515.12,183555.92,94.23,0.00,359775.44,65031.85
Uruguay,10887.01,5006.25,599.09,3182.88,9964.24,5589.82,15707.75,239.72,398.71,211.30,159.02,0.00,0.00,0.00,0.00,0.00,73.32,4404.28,150.53,2986.45,0.00,0.00,110447.86,0.00,10.81,0.00,0.00,0.81,0.00,0.00,2716.50,590.42,33.29,0.00,0.00,4341.50,0.00
Uzbekistan,1649.97,4618.03,3.79,76647.23,3500.09,4251.20,0.00,48.17,0.00,0.00,166.13,0.00,0.00,237.48,0.00,0.00,0.00,203.90,220.64,41277.75,0.00,0.15,27160.89,0.00,25777.27,0.00,0.00,0.00,0.00,0.00,672.24,3365.29,248969.77,0.45,1039.16,8755.49,301.85
Vanuatu,17.22,5.38,32.76,0.64,354.37,213.39,10309.68,0.00,0.00,0.00,0.00,0.00,0.00,0.00,0.00,0.00,0.00,0.00,0.00,0.00,0.00,0.00,0.18,0.00,6.57,0.00,0.00,0.00,13.60,155.85,0.00,2.45,23.18,0.00,0.00,1593.69,0.00
Venezuela,50416.37,19311.79,42.21,0.00,33672.59,37720.19,451195.04,6014.41,7.47,0.00,3796.28,0.00,0.00,134.53,0.00,0.00,1.22,16113.40,23809.26,55117.97,0.00,0.00,141502.77,0.00,5473.43,0.00,0.00,0.37,27463.02,3078.85,20208.50,2889.97,1055.97,0.00,0.00,15552.75,0.56
Vietnam,53658.91,17152.55,37.41,41975.50,20104.85,25449.82,79988.47,2832.49,127.24,0.28,8950.74,0.00,0.00,0.35,0.00,0.00,0.00,23623.18,71.26,12468.64,30001.22,7.51,859.79,0.00,59.75,0.00,0.00,0.00,0.00,1673.05,654.97,2764.21,173.37,1.39,1.00,8091.23,0.00
Western Sahara,0.00,0.00,0.00,0.00,0.00,0.00,0.00,0.00,0.00,0.00,0.00,0.00,0.00,0.00,0.00,0.00,0.00,0.00,0.00,0.00,0.00,0.00,0.00,0.00,0.35,0.00,0.00,0.00,0.00,0.00,0.00,0.00,90929.93,14.22,6.22,38.20,0.00
Yemen,3583.02,13073.59,0.00,4000.63,677.73,92.70,0.00,112.46,0.18,4283.12,0.00,0.00,0.00,25.23,0.00,0.00,0.00,145.86,32.86,15922.12,0.00,13.69,411.85,0.00,38789.67,0.00,12730.39,8.73,0.00,2.22,8.21,334.47,355864.45,2097.38,47.53,1591.56,0.00
Zambia,25676.71,20292.88,0.00,16385.71,15625.86,49050.88,19.36,216168.29,19575.00,214177.50,0.00,0.00,0.00,0.00,0.00,0.00,0.00,16582.27,3531.63,96119.95,0.00,7543.19,8344.19,0.00,0.00,0.00,0.00,0.00,0.28,2.16,28979.10,707.24,44.02,0.00,0.83,14119.05,0.00
Zimbabwe,79465.91,52843.81,18.69,4271.10,7840.92,1000.83,615.14,34361.54,359.23,72453.58,0.00,0.00,0.00,0.00,0.00,0.00,0.00,7305.70,1962.04,106060.55,0.00,2002.67,12843.10,0.00,126.29,0.00,0.00,0.00,0.09,17.57,258.65,600.10,922.40,0.00,0.00,4557.57,0.00
